,0,1,2,3
0,2017-12-27 12:37:54+00:00,odessapolice,The Odessa Police Department urges all drivers to slow down due to poor road conditions this morning.,
1,2017-09-03 19:19:15+00:00,odessapolice,Arrest Made in Connection to Homicide http://ow.ly/d/6IXq,
2,2017-09-01 15:42:31+00:00,odessapolice,Safe Zones for the Week of 9-4-17,
3,2017-08-29 23:40:14+00:00,odessapolice,4 Arrests Made in Connection to Big Lots Aggravated Robbery,
4,2017-08-29 21:42:03+00:00,odessapolice,"Our thoughts and prayers are with the Houston Police Department and the family of a true servant, Sgt. Steve Perez.",
5,2017-08-29 19:40:24+00:00,odessapolice,"6th Annual Golf Tournament ""Battle of the Badges""",
6,2017-08-29 15:00:40+00:00,odessapolice,Odessa Police Deploying 4 Officers to Assist in Houston Area,
7,2017-08-28 18:27:26+00:00,odessapolice,OPD Asking for Public's Help with Identifying the Subjects Shown Below - Please Share!,
8,2017-08-28 16:51:14+00:00,odessapolice,Update: Missing Person Tamara Reeves Safely Located,
9,2017-08-28 14:01:09+00:00,odessapolice,8-28-17 Odessa High 5,
10,2017-08-27 01:04:39+00:00,odessapolice,OPD Asking for Public's Help with Aggravated Robbery that Occurred Saturday Evening at Big Lots,
11,2017-08-25 18:50:34+00:00,odessapolice,OPD Asking for Public's Assistance in Locating Missing Person - Please Share!,
12,2017-08-24 18:23:35+00:00,odessapolice,OPD Accepting Registrations for National Night Out,
13,2017-08-23 20:42:35+00:00,odessapolice,Odessa Police Warning Citizens About Phone Scam Involving Community Development,
14,2017-08-23 19:07:51+00:00,odessapolice,Update: Motorcycle Crash at Murphy & Dixie,
15,2017-08-23 17:13:02+00:00,odessapolice,Special Needs Dog Rescued from Odessa Animal Shelter,
16,2017-08-22 21:01:59+00:00,odessapolice,OPD to Host 10-Year Remembrance Memorial Service,
17,2017-08-21 21:06:31+00:00,odessapolice,End of Summer Adoption Bash!!! ALL Adoptions $50.00 at Odessa Animal Control 910 W 42nd St,
18,2017-08-15 19:17:02+00:00,odessapolice,"End of Summer Adoption Bash!!! All adoptions $50.00 at the Odessa Animal Shelter, 910 W 42nd St.",
19,2017-08-14 20:10:46+00:00,odessapolice,Odessa Police Make 2 Arrests in Connection to Burglary in the 900 Block of North Tom Green,
20,2017-08-14 15:45:59+00:00,odessapolice,Odessa Man in Critical Condition Following Motorcycle Crash Early Sunday Morning,
21,2017-08-11 21:10:06+00:00,odessapolice,Safe Zones for the Week of 8-14-17,
22,2017-08-07 15:59:09+00:00,odessapolice,Man Charged in Connection to Murder in the 1300 Block of East 36th Street,
23,2017-08-02 16:06:42+00:00,odessapolice,Officer Randy Carruth Named OPD Officer of the Month for July,
24,2017-08-01 13:57:57+00:00,odessapolice,Odessa Police Obtain Felony Theft Warrant for Roofing Contractor,
25,2017-08-01 13:24:40+00:00,odessapolice,Update: Missing Person Located Safe & Sound,
26,2017-07-31 21:53:21+00:00,odessapolice,Update: Fugitive of the Week is in Custody,
27,2017-07-31 14:58:46+00:00,odessapolice,7-31-17 Odessa High 5,
28,2017-07-31 14:57:08+00:00,odessapolice,7-31-17 Fugitive of the Week - Please Share!,
29,2017-07-31 14:51:34+00:00,odessapolice,Update: Christopher Douglas is in Custody,
30,2017-07-31 13:55:46+00:00,odessapolice,Odessa Police Make Arrest in Connection to Murder in Southeast Odessa,
31,2017-07-30 20:37:48+00:00,odessapolice,OPD Asking for Public’s help in Locating Missing Person - Please Share!,
32,2017-07-30 19:23:09+00:00,odessapolice,OPD Asking for Public's Help in Locating Aggravated Assault Suspect - Please Share!,
33,2017-07-27 21:26:38+00:00,odessapolice,Man Arrested after Stealing Vehicle & Escaping from OPD Officer at Hospital,
34,2017-07-27 16:13:52+00:00,odessapolice,OPD Makes Arrest in Connection to Midessa Transportation Robbery Investigation,
35,2017-07-27 13:40:35+00:00,odessapolice,Odessa Police Arrest Fugitive of the Week Arthur Thomas III,
36,2017-07-26 18:09:31+00:00,odessapolice,Have Dinner & Tip a Cop Tomorrow Night at Texas Roadhouse,
37,2017-07-25 14:28:17+00:00,odessapolice,Man Additionally Charged in Connection to Burglary / Aggravated Assault Investigation,
38,2017-07-24 20:55:14+00:00,odessapolice,Paul Evans Carpet & Flooring Raises Money for Local First Responders,
39,2017-07-24 18:34:09+00:00,odessapolice,7-24-17 Odessa High 5,
40,2017-07-24 18:23:20+00:00,odessapolice,7-24-17 Fugitive of the Week - Please Share! Surveillance Video: https://youtu.be/chIPPSaoc_o,
41,2017-07-24 18:14:39+00:00,odessapolice,"Update: Missing Person Anthony Ramsey Located in Brady, Texas",
42,2017-07-24 15:37:18+00:00,odessapolice,Does Anyone Recognize this Woman? Please Share! Surveillance Video: https://youtu.be/_9Ty1Lef35Y,
43,2017-07-24 15:13:51+00:00,odessapolice,OPD Asking for Public's Assistance in Locating Missing Person,
44,2017-07-21 20:47:31+00:00,odessapolice,Odessa Professional Police Officer's Association Hosting Dinner Event on August 14th,
45,2017-07-21 17:59:09+00:00,odessapolice,Odessa Police Warning Citizens in Reference to Roofing Scam,
46,2017-07-21 15:13:58+00:00,odessapolice,OPD Asking for Public's Help in Identifying Suspect who Crashed into North Odessa Home last Weekend,
47,2017-07-20 19:22:38+00:00,odessapolice,Odessa Police Make Arrest in Connection to Wal-Mart Robbery,
48,2017-07-20 14:08:05+00:00,odessapolice,Odessa Man Charged in Connection to Intoxication Assault Investigation,
49,2017-07-16 00:06:36+00:00,odessapolice,OPD Asking for Public's Assistance in Locating Missing Person,
50,2017-07-14 19:56:39+00:00,odessapolice,Safe Zones for the Week of 7-17-17,
51,2017-07-14 17:53:15+00:00,odessapolice,Odessa Police Charge 2 Parents in Connection to Injury to a Child Investigation,
52,2017-07-13 15:02:52+00:00,odessapolice,OPD Asking for Public's Help in Locating Missing Person with Dementia,
53,2017-07-12 14:14:43+00:00,odessapolice,OPD Asking for Public's Assistance with Identifying Hit & Run Suspect,
54,2017-07-10 14:15:20+00:00,odessapolice,7-10-17 Fugitive of the Week,
55,2017-07-10 14:01:31+00:00,odessapolice,7-10-17 Odessa High 5,
56,2017-07-07 21:45:08+00:00,odessapolice,Safe Zones for the Week of 7-10-17,
57,2017-07-07 14:04:16+00:00,odessapolice,OPD Honor Guard Paying Respects to Fallen San Antonio Officer,
58,2017-07-06 19:31:52+00:00,odessapolice,Wallet Theft Investigation Closed,
59,2017-07-06 13:17:36+00:00,odessapolice,Updated with Spelling Correction,
60,2017-07-06 02:48:31+00:00,odessapolice,OPD Investigating Motorcycle Fatality in the 1200 Block of Wilshire,
61,2017-07-04 14:01:52+00:00,odessapolice,"OPD Reminding Public to Celebrate July 4th in a Safe, Responsible & Lawful Manner",
62,2017-07-03 15:59:09+00:00,odessapolice,OPD Encouraging Citizens to Replace Porch Lights with Blue Bulbs in Remembrance of Fallen San Antonio Police Officer,
63,2017-07-03 14:38:51+00:00,odessapolice,7-3-17 Odessa High 5,
64,2017-07-02 01:34:21+00:00,odessapolice,Missing Person Rodolfo Serrano Safely Located at 8th & Tom Green,
65,2017-07-02 01:22:53+00:00,odessapolice,OPD Asking for the Public's Help in Locating Missing Person with Dementia,
66,2017-06-30 20:50:58+00:00,odessapolice,Safe Zones for the Week of 7-3-17,
67,2017-06-30 20:41:11+00:00,odessapolice,Odessa Police Arrest Longview Woman in Connection to Animal Cruelty Investigation,
68,2017-06-30 18:27:32+00:00,odessapolice,"OPD Reminding Public to Celebrate July 4th in a Safe, Responsible & Lawful Manner",
69,2017-06-29 20:13:22+00:00,odessapolice,Odessa Police Charge Man in Connection to 3 Aggravated Robberies,
70,2017-06-29 16:35:09+00:00,odessapolice,Corporal James Kiper Named OPD Officer of the Month for June,
71,2017-06-29 15:45:48+00:00,odessapolice,OPD Asking Public to Report all Suspicious Activity in Reference to Recent Burglaries,
72,2017-06-29 14:02:24+00:00,odessapolice,Corporal James Kiper Named OPD Officer of the Month for June,
73,2017-06-28 22:12:58+00:00,odessapolice,Arrest Made in Connection to 3-Vehicle Crash that Occurred last Week at University & Maple,
74,2017-06-27 20:56:18+00:00,odessapolice,Update: Triple Fatality in the 2000 Block of East Yukon,
75,2017-06-27 18:10:38+00:00,odessapolice,"OPD Reminding Public to Celebrate July 4th in a Safe, Responsible & Lawful Manner",
76,2017-06-27 15:23:32+00:00,odessapolice,Arrest Made In Connection to Fatal Crash in Southwest Odessa,
77,2017-06-27 15:20:24+00:00,odessapolice,Missing Person Joselyn Leyva Found Safely,
78,2017-06-26 15:04:36+00:00,odessapolice,Have You Seen this Person? Please Share!,
79,2017-06-26 14:59:00+00:00,odessapolice,6-26-17 Odessa High 5,
80,2017-06-26 14:31:35+00:00,odessapolice,Odessa Police Make Arrest in Connection to Seven Eleven Robberies,
81,2017-06-23 19:46:33+00:00,odessapolice,Safe Zones for the Week of 6-26-17,
82,2017-06-23 17:09:03+00:00,odessapolice,Arrest Made in Connection to Triple Fatality in the 2000 Block of East Yukon,
83,2017-06-22 21:22:45+00:00,odessapolice,The Odessa Police Department Welcomes its 6 Newest Officers,
84,2017-06-21 21:47:52+00:00,odessapolice,4 People Transported to Hospital Following 3-Vehicle Crash in Central Odessa,
85,2017-06-20 19:56:32+00:00,odessapolice,OPD Asking for Public's Assistance in Locating Missing Person - Please Share!,
86,2017-06-20 18:35:41+00:00,odessapolice,Missing Person Julian Olivarez Jr. Safely Located,
87,2017-06-20 17:43:53+00:00,odessapolice,The Odessa Police Department has a new Chief http://bit.ly/2sxpIzG,
88,2017-06-19 20:59:45+00:00,odessapolice,6-19-17 Odessa High 5,
89,2017-06-19 19:31:56+00:00,odessapolice,OPD Asking for Public's Assistance in Locating Missing Person - Please Share!,
90,2017-06-19 14:44:48+00:00,odessapolice,Man Charged in Connection to Assaulting OPD Officer & Security Guard,
91,2017-06-19 01:12:15+00:00,odessapolice,Odessa Police Investigating Fatality Crash in Southwest Odessa,
92,2017-06-17 19:06:50+00:00,odessapolice,Update: Patricia Cone Safely Located,
93,2017-06-17 01:21:03+00:00,odessapolice,OPD Asking for Public's Help in Locating Elderly Woman who Needs to Take Medication,
94,2017-06-16 18:26:32+00:00,odessapolice,June is Internet Safety Month,
95,2017-06-16 15:00:22+00:00,odessapolice,Safe Zones for the Week of 6-19-17,
96,2017-06-16 00:54:59+00:00,odessapolice,Update: Missing Person Don Brown Safely Located,
97,2017-06-16 00:25:18+00:00,odessapolice,OPD Asking for Public's Assistance in Locating Missing Person with Dementia,
98,2017-06-15 21:50:56+00:00,odessapolice,OPD Asking for Public’s Help with Aggravated Assault Investigation - Please Share!,
99,2017-06-14 21:40:21+00:00,odessapolice,OPD Asking for Public’s Help with Aggravated Assault Investigation - Please Share!,
100,2017-06-13 18:55:30+00:00,odessapolice,Odessa Police Athletic League Fundraiser Events,
101,2017-06-13 18:00:02+00:00,odessapolice,Odessa Man in Critical Condition Following Major Crash at Andrews Highway & Yukon,
102,2017-06-12 20:49:29+00:00,odessapolice,OPD Competing in 2017 Texas Police Games,
103,2017-06-12 20:21:48+00:00,odessapolice,Update: Missing Person Dyese Wesley Found Safe,
104,2017-06-12 15:02:13+00:00,odessapolice,6-12-17 Odessa High 5,
105,2017-06-06 23:06:52+00:00,odessapolice,Arrest Made in Connection to First Basin Credit Union Robbery http://ow.ly/d/6pD2,
106,2017-06-05 14:01:12+00:00,odessapolice,6-5-17 Odessa High 5,
107,2017-06-03 19:12:32+00:00,odessapolice,Cancel Attempt to Locate.,
108,2017-06-03 14:38:57+00:00,odessapolice,,
109,2017-06-02 19:57:39+00:00,odessapolice,Odessa Police Athletic League Begins Next Week,
110,2017-06-02 19:07:36+00:00,odessapolice,Safe Zones for the Week of 6-5-17,
111,2017-06-02 14:49:47+00:00,odessapolice,Odessa Police Make 4 Arrests in Connection to Over a Dozen Vandalisms,
112,2017-06-01 19:32:30+00:00,odessapolice,"Odessa Police Department Receives $55,000 From Clay Shoot Event",
113,2017-05-31 14:28:55+00:00,odessapolice,Corporal Brandon Teneyck Named OPD Officer of the Month for May,
114,2017-05-31 13:45:16+00:00,odessapolice,OPD Asking for Public’s Assistance in Locating Robbery Suspect - Please Share! http://bit.ly/2sdS6GE,
115,2017-05-30 19:56:18+00:00,odessapolice,OPD Asking for Public's Help with First Basin Credit Union Bank Robbery,
116,2017-05-29 14:01:11+00:00,odessapolice,5-29-17 Odessa High 5,
117,2017-05-26 19:27:57+00:00,odessapolice,Operation High School Graduation Safe Night Continues Through the Weekend,
118,2017-05-26 18:57:52+00:00,odessapolice,Safe Zones for the Week of 5-29-17,
119,2017-05-25 20:24:26+00:00,odessapolice,The Contemporary Study Club of Odessa Donates $1000.00 to OPD,
120,2017-05-05 20:49:27+00:00,odessapolice,OPD Recommends Online System to Help Citizens Keep Track of Valuables,
121,2017-05-05 19:04:04+00:00,odessapolice,Safe Zones for the Week of 5-8-17,
122,2017-05-05 18:48:09+00:00,odessapolice,Burglary / Credit Card Abuse Investigation Update,
123,2017-05-05 14:02:04+00:00,odessapolice,OPD CRU Unit Conducting Special Assignment at Energy One Plaza,
124,2017-05-04 21:56:33+00:00,odessapolice,Odessa Police Asking for Public’s Assistance with Hit & Run Investigation,
125,2017-05-04 19:41:43+00:00,odessapolice,OPD Encouraging Public to Attend Memorial Service & to Replace Porch Lights with Blue Bulbs during National Police Week,
126,2017-05-03 20:36:17+00:00,odessapolice,Odessa Police Charge Man in Connection to Threatening OPD Officer,
127,2017-05-02 16:28:33+00:00,odessapolice,OPD Asking for the Public’s Assistance with Burglary / Credit Card Abuse Investigation - Please Share!,
128,2017-05-01 21:52:38+00:00,odessapolice,Odessa Police Asking for Public's Assistance in Identifying Forgery Suspect,
129,2017-05-01 21:12:23+00:00,odessapolice,Odessa Police Charge 14-Year-Old Female with False Report to a Police Officer,
130,2017-05-01 20:27:52+00:00,odessapolice,Theft by a Public Servant Warrant Obtained for Former Animal Shelter Manager,
131,2017-05-01 14:15:07+00:00,odessapolice,OPD Asking for Public's Assistance in Locating 11-Year-Old Runaway - Please Share!,
132,2017-04-29 18:21:14+00:00,odessapolice,Odessa Police Arrest Man for Aggravated Assault on a Public Servant,
133,2017-04-28 01:30:15+00:00,odessapolice,"Congratulations to OPD Sergeant David Lara for winning the 2017 ""Top Cop"" Award, Presented Thursday Evening by Pioneer Natural Resources",
134,2017-04-27 18:53:26+00:00,odessapolice,OPD Asking for Public's Assistance in Locating Credit Card Abuse Suspect - Please Share!,
135,2017-04-26 15:17:02+00:00,odessapolice,Man Arrested after Assaulting Girlfriend & Spitting on OPD Officer's Face,
136,2017-04-24 14:02:41+00:00,odessapolice,4-24-17 Odessa High 5,
137,2017-04-24 02:53:48+00:00,odessapolice,OPD Make 2 Arrests in Connection to Shooting in the 1200 Block of Summer Avenue,
138,2017-04-23 01:28:06+00:00,odessapolice,Update: Car Pedestrian Crash in the 5300 Block of East 42nd Street,
139,2017-04-22 09:13:23+00:00,odessapolice,OPD Asking Public for Information in Reference to Hit & Run Investigation,
140,2017-04-22 02:42:32+00:00,odessapolice,Odessa Police Investigating Major Crash in the 1900 Block of West Sunset,
141,2017-04-21 19:59:00+00:00,odessapolice,Safe Zones for the Week of 4-24-17,
142,2017-04-21 18:42:48+00:00,odessapolice,Raffle Tickets Still Available for Bustin for Badges Clay Shoot,
143,2017-04-20 19:25:27+00:00,odessapolice,Odessa Police Charge Man with Arson & False Report to a Police Officer,
144,2017-04-20 14:39:05+00:00,odessapolice,Odessa Police Athletic League Registration is Next Friday,
145,2017-04-20 03:31:12+00:00,odessapolice,Update - Terroristic Threat Investigation,
146,2017-04-19 19:04:29+00:00,odessapolice,OPD Asking for Public’s Assistance with Locating Suspect Making Threats on Facebook,
147,2017-04-17 15:15:30+00:00,odessapolice,START YOUR CAREER WITH THE ODESSA POLICE DEPARTMENT TODAY!!,
148,2017-04-17 14:42:19+00:00,odessapolice,4-17-17 Odessa High 5,
149,2017-04-17 13:26:32+00:00,odessapolice,Car Pedestrian Fatality in the 200 Block of North Dixie,
150,2017-04-14 14:00:59+00:00,odessapolice,Safe Zones for the Week of 4-17-17,
151,2017-04-13 21:11:25+00:00,odessapolice,Update: Medical Call at 2750 North Grandview,
152,2017-04-13 05:02:26+00:00,odessapolice,Update: Missing Person Larissa Lopez Has Been Located in the Area of IH-20 & Grant,
153,2017-04-13 04:43:33+00:00,odessapolice,OPD Asking for Public's Assistance in Locating a Missing Person - Please Share!,
154,2017-04-10 14:01:25+00:00,odessapolice,4-10-17 Odessa High 5,
155,2017-04-07 20:06:40+00:00,odessapolice,Bustin for Badges Clay Shoot is 4-28-17 at Windwalker Farms,
156,2017-04-07 19:47:04+00:00,odessapolice,Safe Zones for the Week of 4-10-17,
157,2017-04-06 20:40:19+00:00,odessapolice,Search Warrant Leads to Arrest of 2 Subjects with 922 Grams of Meth & Firearms,
158,2017-04-05 15:49:46+00:00,odessapolice,Shots Fired Call Leads to Arrest of Man with Stolen Vehicle & Narcotics,
159,2017-04-04 21:55:59+00:00,odessapolice,OPD Asking for the Public’s Assistance with 2 Hit & Run Investigations - Please Share!,
160,2017-04-04 13:51:17+00:00,odessapolice,Odessa Police Charge 14-Year-Old in Connection to Hops Scotch & Vinery Burglary,
161,2017-04-03 20:45:33+00:00,odessapolice,Odessa Police Make 5 Arrests in Connection to Burglary in the 1500 Block of Douglas,
162,2017-04-03 18:49:44+00:00,odessapolice,4-3-17 Odessa High 5,
163,2017-04-03 14:10:06+00:00,odessapolice,Odessa Police Make Arrest in Connection to Indecency with a Child Investigation,
164,2017-04-03 14:06:45+00:00,odessapolice,START YOUR CAREER WITH THE ODESSA POLICE DEPARTMENT TODAY!!,
165,2017-03-31 20:59:42+00:00,odessapolice,Safe Zones for the Week of April 3rd,
166,2017-03-31 17:12:55+00:00,odessapolice,Odessa Police Chief Announces Retirement,
167,2017-03-31 14:10:26+00:00,odessapolice,Corporal Marshall Williams Named OPD Officer of the Month for March,
168,2017-03-30 16:42:02+00:00,odessapolice,Odessa Police Make Arrest in Connection to Aggravated Kidnapping in the 900 Block of South Dixie,
169,2017-03-29 20:20:55+00:00,odessapolice,Odessa Police Make Arrest in Connection to Shooting in the 1800 Block of Cody Place,
170,2017-03-29 13:37:44+00:00,odessapolice,Odessa Police Asking for Public's Assistance in Identifying Theft Suspect,
171,2017-03-28 20:30:04+00:00,odessapolice,Update: Nelson was Arrested this Morning for his Warrant,
172,2017-03-28 14:13:06+00:00,odessapolice,BB&T Bank Brings Breakfast for OPD Detectives,
173,2017-03-27 18:39:46+00:00,odessapolice,3-27-17 Fugitive of the Week,
174,2017-03-27 15:56:18+00:00,odessapolice,3-27-17 Odessa High 5,
175,2017-03-27 15:06:48+00:00,odessapolice,Arrest Made in Connection to Robbery / Child Endangerment Investigation,
176,2017-03-24 19:38:32+00:00,odessapolice,Safe Zones for the Week of 3-27-17,
177,2017-03-24 18:36:54+00:00,odessapolice,Odessa Police Asking for Public’s Assistance with Identifying Auto Burglary Suspect,
178,2017-03-24 03:41:43+00:00,odessapolice,"Odessa Police Conduct Operation ""REAP Harvest""",
179,2017-03-23 02:44:06+00:00,odessapolice,5 People Transported to Hospital with Serious Bodily Injury Following 3-Vehicle Crash at IH-20 & Grandview,
180,2017-03-21 02:27:50+00:00,odessapolice,Update: Missing Person Maria Romero Found Safe & Unharmed,
181,2017-03-21 01:14:50+00:00,odessapolice,Odessa Police Asking for Public's Assistance in Locating Missing Person Maria Romero,
182,2017-03-20 14:20:23+00:00,odessapolice,3-20-17 Odessa High 5,
183,2017-03-20 14:01:57+00:00,odessapolice,3-20-17 Fugitive of the Week,
184,2017-03-20 13:45:54+00:00,odessapolice,START YOUR CAREER WITH THE ODESSA POLICE DEPARTMENT TODAY!,
185,2017-03-20 13:28:26+00:00,odessapolice,Arrest Made in Connection to Invasive Visual Recording at Dollar General,
186,2017-03-17 21:02:23+00:00,odessapolice,Wanted Fugitive Located & Arrested in Midland,
187,2017-03-17 14:56:05+00:00,odessapolice,Safe Zones for the Week of 3-20-17,
188,2017-03-15 14:56:59+00:00,odessapolice,3-15-17 Fugitive of the Week,
189,2017-03-15 13:46:25+00:00,odessapolice,Odessa Police Asking for Public's Assistance in Identifying Theft Suspect,
190,2017-03-15 13:45:12+00:00,odessapolice,Odessa Police Asking for Public's Assistance in Identifying Theft Suspects,
191,2017-03-15 13:31:08+00:00,odessapolice,3-15-17 Odessa High 5,
192,2017-03-14 23:01:47+00:00,odessapolice,"Odessa Police Make Arrest Two Suspects for a Stolen Vehicle, Stolen Property and Possession of Methamphetamine.",
193,2017-03-14 22:59:08+00:00,odessapolice,Odessa Police Make Arrest in Connection to Aggravated Robbery,
194,2017-03-13 18:03:56+00:00,odessapolice,START YOUR CAREER WITH THE ODESSA POLICE DEPARTMENT TODAY!,
195,2017-03-10 15:30:35+00:00,odessapolice,Safe Zones for the Week of 3-13-17,
196,2017-03-10 00:52:54+00:00,odessapolice,24th OPD Citizen’s Police Academy Officially Begins,
197,2017-03-09 19:14:32+00:00,odessapolice,All Adoptions on March 17th are only $17! Please contact Odessa Animal Control at 432-368-3527 for more information.,
198,2017-03-08 17:29:24+00:00,odessapolice,Raffle Tickets Now Available for the 2017 Bustin for Badges Clay Shoot https://youtu.be/D56h8Zhblns,
199,2017-03-06 17:08:54+00:00,odessapolice,3-6-17 Fugitives of the Week,
200,2017-03-06 16:25:02+00:00,odessapolice,3-6-17 Odessa High 5,
201,2017-03-06 16:03:27+00:00,odessapolice,Search Warrant Leads to Arrest of 6 Subjects with over 50 Grams of Cocaine & Multiple Firearms,
202,2017-03-06 14:40:56+00:00,odessapolice,START YOUR CAREER WITH THE ODESSA POLICE DEPARTMENT!,
203,2017-03-03 22:12:45+00:00,odessapolice,Odessa Forum & Mayor Turner Honor First Responders,
204,2017-03-03 19:42:28+00:00,odessapolice,Safe Zones for the Week of 3-6-17,
205,2017-03-03 18:59:17+00:00,odessapolice,Odessa Police Make Arrest Following Standoff in the 500 Block of East 56th Street,
206,2017-03-03 17:07:43+00:00,odessapolice,Odessa Experiencing Increase of Parvo Cases,
207,2017-03-02 22:32:05+00:00,odessapolice,Odessa Police Asking for the Public’s Assistance with Locating Dollar General Suspect,
208,2017-03-02 22:19:24+00:00,odessapolice,Odessa Police Make 2 Arrests in Connection to Burglary of a Church,
209,2017-03-02 19:32:56+00:00,odessapolice,Raffle Tickets Now Available for 2017 Bustin for Badges Clay Shoot,
210,2017-03-02 15:47:43+00:00,odessapolice,5 Detectives Named as OPD Officers of the Month for February,
211,2017-03-02 14:37:58+00:00,odessapolice,Odessa Animal Control Asking Public to Adopt 12 “Urgent Dogs”,
212,2017-03-01 15:30:40+00:00,odessapolice,Odessa Police Charge Man in Connection to Capital Murder that Occurred at Pepe's T-Shirts,
213,2017-03-01 14:52:17+00:00,odessapolice,Odessa Police Charge Man in Connection to Murder at Pepe's T-Shirts Etc.,
214,2017-02-27 19:53:53+00:00,odessapolice,OPD Asking for Public's Assistance in Connection to Homicide in the 1200 Block of West 10th,
215,2017-02-27 18:19:31+00:00,odessapolice,2-27-17 Fugitive of the Week,
216,2017-02-27 18:08:03+00:00,odessapolice,2-27-17 Odessa High 5,
217,2017-02-24 20:24:49+00:00,odessapolice,Odessa Police Asking for the Public's Assistance in Identifying Invasive Visual Recording Suspect Please Share!,
218,2017-02-24 19:19:14+00:00,odessapolice,HEB Brings Lunch for Odessa Police Officers,
219,2017-02-24 15:10:46+00:00,odessapolice,Odessa Police Asking for Public's Assistance in Locating Wanted Fugitive,
220,2017-02-22 22:39:35+00:00,odessapolice,Odessa Police Asking for Public's Assistance in Identifying Theft Suspect Please Share!,
221,2017-02-22 21:22:00+00:00,odessapolice,Odessa Police Charge 3 Juveniles in Connection to 6 Residential Burglaries,
222,2017-02-22 02:35:36+00:00,odessapolice,Odessa Police Investigating Car-Bicycle Crash in East Odessa,
223,2017-02-20 15:01:27+00:00,odessapolice,2-20-17 Odessa High 5,
224,2017-02-17 21:50:02+00:00,odessapolice,Odessa Police Charge Man in Connection to Sexual Assault Investigation,
225,2017-02-17 18:45:52+00:00,odessapolice,Safe Zones for the Week of 2-20-17,
226,2017-02-17 17:47:54+00:00,odessapolice,"OPD Recovers $10,000 Worth of Stolen Property & Make 2 Arrests in Connection to Theft Investigation",
227,2017-02-17 14:49:01+00:00,odessapolice,Odessa Police Asking for Public's Assistance with Identity Theft Investigation,
228,2017-02-15 20:10:00+00:00,odessapolice,2-15-17 Fugitive of the Week,
229,2017-02-15 17:53:09+00:00,odessapolice,Update: Fatality Crash in the 1000 Block of East IH-20,
230,2017-02-15 17:42:30+00:00,odessapolice,Update: Fatality Crash in the 1000 Block of East IH-20,
231,2017-02-15 15:07:24+00:00,odessapolice,Odessa Police K9 Officers Visit Pease Elementary on Valentine's Day,
232,2017-02-14 20:48:04+00:00,odessapolice,OPD Now Accepting Applications for 24th Citizen's Police Academy,
233,2017-02-14 20:20:11+00:00,odessapolice,Odessa Police Make Arrest in Connection to Child Endangerment Investigation,
234,2017-02-13 20:45:23+00:00,odessapolice,2-13-17 Odessa High 5,
235,2017-02-13 14:41:23+00:00,odessapolice,START YOUR CAREER WITH THE ODESSA POLICE DEPARTMENT!,
236,2017-02-13 14:27:43+00:00,odessapolice,Odessa Police Make 2nd Arrest in Connection to Seven Eleven Robbery,
237,2017-02-10 22:29:14+00:00,odessapolice,2017 Bustin For Badges Raffle Tickets Now Available,
238,2017-02-10 14:48:28+00:00,odessapolice,Odessa Police Hold Joint Press Conference in Reference to Recent Decline in Crime https://youtu.be/DNmwSi93uYQ,
239,2017-02-10 14:40:54+00:00,odessapolice,Odessa Police Hold Joint Press Conference in Reference to Recent Decline in Crime https://youtu.be/DNmwSi93uYQhttp://ow.ly/d/5TUm,
240,2017-02-10 14:36:42+00:00,odessapolice,Joint News Conference Held Focusing on Crime Reduction in Odessa https://youtu.be/DNmwSi93uYQhttp://ow.ly/d/5TUd,
241,2017-02-09 21:36:22+00:00,odessapolice,Odessa Police Still Searching for One More Suspect in Connection to Seven Eleven Robbery Investigation https://www.facebook.com/824628704293521/videos/1230470333709354/,
242,2017-02-09 16:50:30+00:00,odessapolice,Joint News Conference Held Yesterday Focusing on Crime Reduction in Odessa,
243,2017-02-07 20:35:58+00:00,odessapolice,2-7-17 Fugitivesof the Week,
244,2017-02-07 15:04:12+00:00,odessapolice,2-7-17 Crime of the Week Please Share!,
245,2017-02-06 19:13:40+00:00,odessapolice,2-6-17 Odessa High 5,
246,2017-02-06 14:13:05+00:00,odessapolice,BEGIN YOUR CAREER WITH THE ODESSA POLICE DEPARTMENT!,
247,2017-02-03 14:41:54+00:00,odessapolice,Safe Zones for the Week of 2-6-17,
248,2017-02-01 20:49:27+00:00,odessapolice,"Bustin For Badges is Set for Friday, April 28th at Windwalker Farms",
249,2017-01-31 19:48:16+00:00,odessapolice,Corporal Joe Galindo Named OPD Officer of the Month for January,
250,2017-01-31 14:25:40+00:00,odessapolice,1-30-17 Fugitive of the Week,
251,2017-01-31 14:16:22+00:00,odessapolice,1-30-17 Odessa High 5,
252,2017-01-31 14:09:04+00:00,odessapolice,Traffic Tuesday Tip,
253,2017-01-30 13:03:31+00:00,odessapolice,BEGIN YOUR CAREER WITH THE ODESSA POLICE DEPARTMENT!,
254,2017-01-27 21:00:00+00:00,odessapolice,Safe Zones for the Week of 1-30-17,
255,2017-01-27 20:41:03+00:00,odessapolice,OPD Now Accepting Applications for the Citizen's Police Academy,
256,2017-01-26 20:16:44+00:00,odessapolice,Odessa Police Department Multi-Purpose Facility Update,
257,2017-01-26 19:38:38+00:00,odessapolice,Major Fire Call Leads to Arrest of Credit Card Abuse Suspect,
258,2017-01-26 13:11:32+00:00,odessapolice,Crime Prevention Tip,
259,2017-01-25 19:46:02+00:00,odessapolice,Odessa Police Asking for Public's Assistance in Locating Credit Card Abuse Suspects,
260,2017-01-24 19:40:22+00:00,odessapolice,Traffic Tuesday Tip,
261,2017-01-24 14:06:56+00:00,odessapolice,Odessa Police Asking for Public's Assistance in Identifying Credit Card Abuse Suspects,
262,2017-01-23 19:12:11+00:00,odessapolice,1-23-17 Fugitive of the Week,
263,2017-01-23 19:02:51+00:00,odessapolice,1-23-17 Odessa High 5,
264,2017-01-23 17:28:17+00:00,odessapolice,Odessa Police Make 11 Arrests in Connection to Prostitution/Narcotics Investigation in Southeast Odessa,
265,2017-01-23 13:14:59+00:00,odessapolice,BEGIN YOUR CAREER WITH THE ODESSA POLICE DEPARTMENT!,
266,2017-01-20 21:54:50+00:00,odessapolice,Odessa Animal Control Asking Public to Adopt 16 “Urgent Dogs”,
267,2017-01-20 17:23:55+00:00,odessapolice,Odessa Police Would Like to Remind the Public to Please Slow Down While Passing Emergency Responders,
268,2017-01-20 17:02:59+00:00,odessapolice,3rd Annual Great Ball of Fur Benefitting the Animals of Odessa Animal Control,
269,2017-01-20 16:49:02+00:00,odessapolice,Odessa Police Asking for Public's Assistance in Identifying Credit Card Abuse Suspect,
270,2017-01-20 16:26:33+00:00,odessapolice,Safe Zones for the Week of 1-23-17,
271,2017-01-19 16:52:00+00:00,odessapolice,Third Arrest Made in Connection to 2013 Murder Investigation,
272,2017-01-19 15:38:04+00:00,odessapolice,Crime Prevention Tip,
273,2017-01-18 22:18:58+00:00,odessapolice,1-18-17 Odessa High 5,
274,2017-01-17 19:35:47+00:00,odessapolice,Odessa Police Asking for Public's Assistance in Locating Missing Person Please Share!,
275,2017-01-17 13:24:57+00:00,odessapolice,BEGIN YOUR CAREER WITH THE ODESSA POLICE DEPARTMENT!,
276,2017-01-16 15:01:38+00:00,odessapolice,1-16-17 Fugitive of the Week,
277,2017-01-13 21:13:10+00:00,odessapolice,Safe Zones for the Week of 1-16-17,
278,2017-01-12 23:00:49+00:00,odessapolice,Odessa Police Charge Man in Connection to Animal Cruelty Investigation Involving 3 Dogs,
279,2017-01-12 16:42:15+00:00,odessapolice,Odessa Police Asking for Public's Assistance in Locating Hit & Run Suspect,
280,2017-01-12 14:22:13+00:00,odessapolice,Odessa’s Most Wanted Felons,
281,2017-01-12 14:14:13+00:00,odessapolice,Crime Prevention Tip,
282,2017-01-10 22:12:01+00:00,odessapolice,Kay Jewelers & Pets Mart Donate Stuffed Animals to OPD,
283,2017-01-10 16:30:22+00:00,odessapolice,Odessa Police Make Arrest in Connection to Murder in the 1300 Block of East 36th Street,
284,2017-01-09 17:28:14+00:00,odessapolice,1-9-17 Fugitive of the Week,
285,2017-01-09 17:14:07+00:00,odessapolice,1-9-17 Odessa High 5,
286,2017-01-09 13:56:06+00:00,odessapolice,BEGIN YOUR CAREER WITH THE ODESSA POLICE DEPARTMENT!,
287,2017-01-07 03:27:22+00:00,odessapolice,Odessa Police Investigating Car Pedestrian Fatality in the 6700 Block of East Highway 80,
288,2017-01-06 22:03:41+00:00,odessapolice,Missing Person Bobbie Jo Knight Located in Garland,
289,2017-01-06 21:41:32+00:00,odessapolice,Fatality Crash in the 2300 Block of East IH-20,
290,2017-01-06 19:57:20+00:00,odessapolice,OPD Warning Citizens in Reference to Suspect Stealing Withdrawn Money from Parked Vehicles,
291,2017-01-06 16:13:34+00:00,odessapolice,Safe Zones for the Week of 1-9-17,
292,2017-01-06 16:01:04+00:00,odessapolice,Odessa Police Asking for Public’s Assistance with Credit Card Abuse Investigation,
293,2017-01-05 22:37:48+00:00,odessapolice,Odessa Police Charge 4 Subjects in Connection to 3 Aggravated Robberies,
294,2017-01-05 20:47:12+00:00,odessapolice,Odessa Animal Control Seeking Volunteers,
295,2017-01-05 15:16:56+00:00,odessapolice,Odessa Police Make Arrest in Connection to Aggravated Assault on Brittany Lane,
296,2017-01-03 13:55:51+00:00,odessapolice,BEGIN YOUR CAREER WITH THE ODESSA POLICE DEPARTMENT!,
297,2017-01-02 15:30:39+00:00,odessapolice,1-2-17 Fugitive of the Week,
298,2017-01-02 15:01:11+00:00,odessapolice,1-2-17 Odessa High 5,
299,2017-01-02 14:01:37+00:00,odessapolice,BEGIN YOUR CAREER WITH THE ODESSA POLICE DEPARTMENT!,
300,2016-12-30 20:07:52+00:00,odessapolice,Safe Zones for the Week of 1-2-17,
301,2016-12-30 17:03:40+00:00,odessapolice,Arrest Made in Connection to Early Morning Motorcycle Crash,
302,2016-12-30 15:39:25+00:00,odessapolice,Odessa Police Charge Man in Connection to Hobby Lobby Bomb Threat,
303,2016-12-29 16:38:58+00:00,odessapolice,Sergeant Jeremy Seago Named OPD Officer of the Month for December,
304,2016-12-29 16:01:34+00:00,odessapolice,Crime Prevention Tip,
305,2016-12-29 15:38:59+00:00,odessapolice,Arrest Made in Connection to Prosperity Bank Robbery,
306,2016-12-28 21:17:25+00:00,odessapolice,Odessa Police Make 2nd Arrest in Connection to Robbery at Jim Parker Park,
307,2016-12-27 21:27:48+00:00,odessapolice,12-27-16 Crime of the Week,
308,2016-12-27 17:21:56+00:00,odessapolice,Odessa Police Make Arrest in Connection to Robbery at Jim Parker Park,
309,2016-12-27 14:47:59+00:00,odessapolice,12-27-16 Odessa High 5,
310,2016-12-26 15:01:29+00:00,odessapolice,12-26-16 Fugitive of the Week,
311,2016-12-26 14:01:13+00:00,odessapolice,BEGIN YOUR CAREER WITH THE ODESSA POLICE DEPARTMENT!,
312,2016-12-23 15:02:00+00:00,odessapolice,Safe Zones for the Week of 12-26-16,
313,2016-12-22 22:54:00+00:00,odessapolice,Illegal Gambling Operation Investigation & Arrest,
314,2016-12-22 20:23:09+00:00,odessapolice,Did You Know? Fire works are prohibited within the City of Odessa. Ordinance 5-4,
315,2016-12-22 13:16:46+00:00,odessapolice,Crime Prevention Tip,
316,2016-12-21 18:23:04+00:00,odessapolice,HEB Brings Cake to OPD Criminal Investigation Division,
317,2016-12-21 16:45:17+00:00,odessapolice,Odessa Police Make Arrests in Connection to Child Endangerment Investigation,
318,2016-12-20 21:42:53+00:00,odessapolice,12-20-16 Crime of the Week,
319,2016-12-19 20:52:21+00:00,odessapolice,12-19-16 Odessa High 5,
320,2016-12-19 20:51:24+00:00,odessapolice,12-19-16 Fugitive of the Week,
321,2016-12-19 13:42:31+00:00,odessapolice,BEGIN YOUR CAREER WITH THE ODESSA POLICE DEPARTMENT!,
322,2016-12-17 09:51:47+00:00,odessapolice,Odessa Police Investigating Major Crash Involving Life-Threatening Injuries,
323,2016-12-16 22:31:19+00:00,odessapolice,Safe Zones for the Week of 12-19-16,
324,2016-12-15 20:49:33+00:00,odessapolice,Update - Murder Suspect Exzebia Terry is in Custody,
325,2016-12-15 20:05:25+00:00,odessapolice,Odessa Police Charge Two Woman in Connection to Murder at Woodview Apartments,
326,2016-12-15 13:50:08+00:00,odessapolice,Crime Prevention Tip,
327,2016-12-15 02:53:45+00:00,odessapolice,Odessa Police Asking for Public’s Assistance in Locating Missing Child,
328,2016-12-13 21:03:47+00:00,odessapolice,Murder Update,
329,2016-12-13 19:01:32+00:00,odessapolice,Traffic Tuesday Tip,
330,2016-12-12 20:37:40+00:00,odessapolice,12-12-16 Fugitive of the Week,
331,2016-12-12 16:10:28+00:00,odessapolice,12-12-16 Odessa High 5,
332,2016-12-12 13:57:13+00:00,odessapolice,BEGIN YOUR CAREER WITH THE ODESSA POLICE DEPARTMENT!,
333,2016-12-10 16:42:54+00:00,odessapolice,Odessa Police Make Arrests in Connection to Stars Drive In Robbery,
334,2016-12-10 09:30:24+00:00,odessapolice,Odessa Police Asking for Public's Assistance in Locating 2 Subjects Wanted for Questioning,
335,2016-12-09 15:31:13+00:00,odessapolice,Safe Zones for the Week of 12-12-16,
336,2016-12-08 14:08:54+00:00,odessapolice,Crime Prevention Tip,
337,2016-12-06 19:00:43+00:00,odessapolice,Traffic Tuesday Tip,
338,2016-12-06 15:11:11+00:00,odessapolice,12-6-16 Crime of the Week,
339,2016-12-06 14:13:33+00:00,odessapolice,Pet Tip of the Week,
340,2016-12-05 20:23:14+00:00,odessapolice,12-5-16 Fugitive of the Week,
341,2016-12-05 20:22:13+00:00,odessapolice,12-5-16 Odessa High 5,
342,2016-12-05 15:54:56+00:00,odessapolice,Odessa Police Asking for Public’s Assistance with Aggravated Assault Investigation,
343,2016-12-05 13:59:42+00:00,odessapolice,BEGIN YOUR CAREER WITH THE ODESSA POLICE DEPARTMENT!,
344,2016-12-02 21:42:58+00:00,odessapolice,Safe Zones for the Week of 12-5-16,
345,2016-12-02 04:55:20+00:00,odessapolice,Odessa Police Investigating Motorcycle Crash at 52nd & Tanglewood,
346,2016-12-01 16:53:33+00:00,odessapolice,Odessa Police Make Arrest in Connection to Aggravated Assault in the 4900 Block of Cordova,
347,2016-12-01 13:17:51+00:00,odessapolice,Crime Prevention Tip,
348,2016-11-30 17:30:03+00:00,odessapolice,Odessa Police Asking for Public’s Assistance in Locating Missing Person,
349,2016-11-29 22:02:54+00:00,odessapolice,Corporal Michael Stewart Named OPD Officer of the Month for November,
350,2016-11-29 20:38:28+00:00,odessapolice,Traffic Tuesday Tip,
351,2016-11-28 22:38:33+00:00,odessapolice,Odessa Police Asking for Public’s Assistance with Hit & Run Investigation Please Share!,
352,2016-11-28 20:19:58+00:00,odessapolice,Odessa Police Make 2 Arrests in Connection to Burglary in the 900 Block of McKinney,
353,2016-11-28 17:23:06+00:00,odessapolice,OPD Honor Guard Paying Respects to Fallen San Antonio Officer,
354,2016-11-28 15:43:52+00:00,odessapolice,11-28-16 Fugitive of the Week,
355,2016-11-28 14:48:05+00:00,odessapolice,11-28-16 Odessa High 5,
356,2016-11-28 13:52:07+00:00,odessapolice,BEGIN YOUR CAREER WITH THE ODESSA POLICE DEPARTMENT!,
357,2016-11-25 15:30:52+00:00,odessapolice,Safe Zones for the Week of 11-28-16,
358,2016-11-23 18:05:01+00:00,odessapolice,Odessa Police K9 Officers Visit Odessa YMCA Daycare,
359,2016-11-22 22:38:27+00:00,odessapolice,Car Pedestrian Fatality in the 1000 Block of North County Road West,
360,2016-11-21 17:12:28+00:00,odessapolice,11-21-16 Odessa High 5,
361,2016-11-21 17:11:26+00:00,odessapolice,11-21-16 Fugitive of the Week,
362,2016-11-21 16:24:25+00:00,odessapolice,Odessa Police Make Arrest in Connection to Stabbing in Soutwest Odessa,
363,2016-11-21 15:24:23+00:00,odessapolice,OPD Encouraging Citizens to Replace Porch Lights with Blue Bulbs,
364,2016-11-18 21:56:46+00:00,odessapolice,Safe Zones for the Week of 11-21-16,
365,2016-11-18 17:09:02+00:00,odessapolice,Odessa Police Asking for Public’s Assistance in Reference to Burglary Investigation https://www.facebook.com/824628704293521/videos/1154436304646091/,
366,2016-11-17 14:24:37+00:00,odessapolice,Crime Prevention Tips for the Holidays,
367,2016-11-15 22:36:02+00:00,odessapolice,Odessa Police Asking for Public's Assistance in Locating Fugitive Wanted for Murder Please Share!,
368,2016-11-15 20:01:35+00:00,odessapolice,Traffic Tuesday Tip,
369,2016-11-14 22:36:18+00:00,odessapolice,11-14-16 Fugitives of the Week,
370,2016-11-14 17:16:38+00:00,odessapolice,11-14-16 Odessa High 5,
371,2016-11-14 16:15:44+00:00,odessapolice,Traffic Stop Leads to Arrest of 2 Subjects in Stolen Vehicle with Narcotics,
372,2016-11-14 15:06:17+00:00,odessapolice,Odessa Police Make Arrest in Connection to Stabbing Investigation,
373,2016-11-14 13:18:51+00:00,odessapolice,BEGIN YOUR CAREER WITH THE ODESSA POLICE DEPARTMENT!,
374,2016-11-14 00:27:40+00:00,odessapolice,Odessa Man in Critical Condition Following Motorcycle Crash in Northeast Odessa,
375,2016-11-13 15:23:12+00:00,odessapolice,Fatality Crash in the 4800 Block of Golder,
376,2016-11-11 21:47:42+00:00,odessapolice,Safe Zones for the Week of 11-14-16,
377,2016-11-10 18:58:20+00:00,odessapolice,Odessa Police Asking for the Public's Assistance in Locating Murder Suspect,
378,2016-11-10 13:01:26+00:00,odessapolice,Crime Prevention Tips,
379,2016-11-08 20:42:45+00:00,odessapolice,Traffic Tuesday Tip,
380,2016-11-08 20:34:36+00:00,odessapolice,11-8-16 Crime of the Week,
381,2016-11-07 21:19:08+00:00,odessapolice,Remember to Vote Tomorrow,
382,2016-11-07 16:40:54+00:00,odessapolice,11-7-16 Fugitive of the Week,
383,2016-11-07 15:47:54+00:00,odessapolice,11-7-16 Odessa High 5,
384,2016-11-07 15:32:52+00:00,odessapolice,Man Arrested after Evading Police in Stolen Vehicle & Evading on Foot,
385,2016-11-07 14:02:14+00:00,odessapolice,BEGIN YOUR CAREER WITH THE ODESSA POLICE DEPARTMENT!,
386,2016-11-04 22:14:18+00:00,odessapolice,Speeding Violation Leads to Arrest of 2 Subjects with Narcotics & Handgun,
387,2016-11-04 20:43:41+00:00,odessapolice,Safe Zones for the Week of 11-7-16,
388,2016-11-04 14:57:35+00:00,odessapolice,Odessa Police Asking for Public's Assistance in Identifying Theft Suspects,
389,2016-11-03 21:48:23+00:00,odessapolice,Odessa Police Asking for Public’s Assistance with Hit & Run Investigation,
390,2016-11-03 21:27:16+00:00,odessapolice,11-3-16 Crime of the Week,
391,2016-11-03 14:35:33+00:00,odessapolice,Odessa Animal Control Asking Public to Adopt 15 “Urgent Dogs”,
392,2016-11-01 18:36:12+00:00,odessapolice,Pet Tip of the Week,
393,2016-11-01 13:50:25+00:00,odessapolice,Fugitive of the Week Update,
394,2016-11-01 13:23:50+00:00,odessapolice,Traffic Tuesday Tip,
395,2016-10-31 21:21:45+00:00,odessapolice,10-31-16 Fugitive of the Week,
396,2016-10-31 18:00:45+00:00,odessapolice,10-31-16 Odessa High 5,
397,2016-10-31 12:16:48+00:00,odessapolice,BEGIN YOUR CAREER WITH THE ODESSA POLICE DEPARTMENT!,
398,2016-10-28 20:30:20+00:00,odessapolice,Police / Fire Trunk or Treat Set for Monday Morning,
399,2016-10-28 19:45:00+00:00,odessapolice,Safe Zones for the Week of 10-31-16,
400,2016-10-28 18:19:36+00:00,odessapolice,10-28-16 Crime of the Week Update,
401,2016-10-27 18:23:39+00:00,odessapolice,Arrest Made in Connection to Shooting in the 1200 Block of South Jackson,
402,2016-10-27 12:06:06+00:00,odessapolice,Crime Prevention Tips,
403,2016-10-26 21:53:27+00:00,odessapolice,Traffic Routes for PHS vs OHS Football Game this Friday,
404,2016-10-26 18:59:52+00:00,odessapolice,Odessa Police Asking for Public's Assistance in Locating 3 Suspects in Reference to Fraud Investigation,
405,2016-10-26 16:45:01+00:00,odessapolice,Law Enforcement Watching for Underage Drinking Parties this Weekend,
406,2016-10-25 19:33:51+00:00,odessapolice,Traffic Tuesday Tip,
407,2016-10-25 15:27:38+00:00,odessapolice,Detective Corporal Justin Caid Named OPD Officer of the Month for October,
408,2016-10-24 15:02:26+00:00,odessapolice,10-24-16 Fugitive of the Week,
409,2016-10-24 14:47:01+00:00,odessapolice,10-24-16 Odessa High 5,
410,2016-10-24 14:35:17+00:00,odessapolice,Odessa Police Charge Man in Connection to Injury to a Child Investigation,
411,2016-10-24 12:26:11+00:00,odessapolice,BEGIN YOUR CAREER WITH THE ODESSA POLICE DEPARTMENT!,
412,2016-10-22 21:55:00+00:00,odessapolice,Missing Person Jesus Fabela Found Safe and Unharmed,
413,2016-10-21 21:32:36+00:00,odessapolice,Odessa Police Still Asking for Public's Assistance in Locating Missing Person Jesus Fabela Please Share!,
414,2016-10-21 19:24:07+00:00,odessapolice,Safe Zones for the Week of 10-24-16,
415,2016-10-21 18:22:58+00:00,odessapolice,Odessa Police Asking for Public's Assistance in Connection to Aggravated Robbery,
416,2016-10-21 15:26:53+00:00,odessapolice,Odessa Police Asking for Public's Help in Locating Wanted Fugitive,
417,2016-10-20 21:38:11+00:00,odessapolice,Aladdin’s Castle Students Make Canvases for the Odessa Police Department,
418,2016-10-20 15:07:20+00:00,odessapolice,Odessa Police Warn Citizens about Counterfeit Money,
419,2016-10-20 14:14:34+00:00,odessapolice,,
420,2016-10-20 12:05:35+00:00,odessapolice,Crime Prevention Tips,
421,2016-10-19 22:06:34+00:00,odessapolice,Odessa Police Asking for Public’s help in Locating Missing Person Please Share!,
422,2016-10-18 21:13:50+00:00,odessapolice,10-18-16 Crime of the Week,
423,2016-10-18 18:47:45+00:00,odessapolice,Traffic Tuesday Tip,
424,2016-10-17 14:53:43+00:00,odessapolice,Odessa PPOA Set to Host Fundraiser for Officers in Need,
425,2016-10-17 14:00:41+00:00,odessapolice,10-17-16 Odessa High 5,
426,2016-10-17 13:38:49+00:00,odessapolice,10-17-16 Fugitive of the Week,
427,2016-10-17 13:01:01+00:00,odessapolice,BEGIN YOUR CAREER WITH THE ODESSA POLICE DEPARTMENT!,
428,2016-10-14 20:48:56+00:00,odessapolice,Odessa Animal Control’s Bi-Annual Vaccination Clinic,
429,2016-10-14 20:21:55+00:00,odessapolice,Safe Zones for the Week of 10-17-16,
430,2016-10-14 18:33:05+00:00,odessapolice,10-14-16 OPD's Recent Felony Arrests,
431,2016-10-13 16:24:15+00:00,odessapolice,Odessa PPOA to Host Fundraiser for Officers in Need,
432,2016-10-13 14:25:57+00:00,odessapolice,Crime Prevention Tips,
433,2016-10-13 02:01:12+00:00,odessapolice,Odessa Police Make One Arrest and Seize Undisclosed amount of Cash in Connection to Prostitution Investigation,
434,2016-10-12 19:43:43+00:00,odessapolice,Odessa Police Make Arrest in Connection to Residential Burglary / Aggravated Assault in the 2700 Block of Idlewood,
435,2016-10-11 16:56:50+00:00,odessapolice,Odessa Police Charge Second Person in Connection to ATM Burglary Investigation,
436,2016-10-11 13:16:51+00:00,odessapolice,Odessa Police Charge Man in Connection to Arbor Oaks Home Invasion,
437,2016-10-10 14:02:45+00:00,odessapolice,10-10-16 Odessa High 5,
438,2016-10-10 13:06:09+00:00,odessapolice,BEGIN YOUR CAREER WITH THE ODESSA POLICE DEPARTMENT!,
439,2016-10-07 21:32:35+00:00,odessapolice,Coffee with a Cop. Come by and join OPD officers at Starbucks on E 42nd.,
440,2016-10-07 19:23:56+00:00,odessapolice,Safe Zones for the Week of 10-10-16,
441,2016-10-07 15:47:32+00:00,odessapolice,Odessa Police Asking for Public's Assistance in Identifying Person of Interest,
442,2016-10-07 15:32:00+00:00,odessapolice,Odessa Police Make Arrest in Connection to Officer-Involved Crash at 8th & Vine,
443,2016-10-07 13:49:02+00:00,odessapolice,National Coffee with a Cop Day,
444,2016-10-06 11:54:37+00:00,odessapolice,Crime Prevention Tips,
445,2016-10-05 18:43:13+00:00,odessapolice,Pet Tip of the Week - This weekend!,
446,2016-10-04 15:47:39+00:00,odessapolice,29 Blocks Participating in Odessa National Night Out Tonight,
447,2016-10-04 12:14:28+00:00,odessapolice,Traffic Tuesday Tip,
448,2016-10-03 20:41:08+00:00,odessapolice,10-3-16 Fugitive of the Week,
449,2016-10-03 15:49:26+00:00,odessapolice,10-3-16 Odessa High 5,
450,2016-10-03 15:33:44+00:00,odessapolice,National Night Out 10.04.16,
451,2016-10-03 15:07:17+00:00,odessapolice,Odessa Police Make Arrest in Connection to Burglary in the 800 Block of Fall,
452,2016-10-03 14:47:17+00:00,odessapolice,Odessa Police Make Arrest Following Standoff in the 1000 Block of South Kelly,
453,2016-10-03 12:40:41+00:00,odessapolice,BEGIN YOUR CAREER WITH THE ODESSA POLICE DEPARTMENT!,
454,2016-10-02 21:03:20+00:00,odessapolice,OPD Makes Arrest in Connection to Incident in the 800 Block of East Odessa. Detective Branch is Still in Critical Condition.,
455,2016-10-01 17:15:59+00:00,odessapolice,OPD Detective in Critical Condition Following a Shots Fired Call in South Odessa,
456,2016-10-01 17:12:25+00:00,odessapolice,Odessa Police Investigating Home Invasion at Arbor Oaks Apartments,
457,2016-09-30 20:12:48+00:00,odessapolice,Safe Zones for the Week of 10-3-16,
458,2016-09-30 19:34:48+00:00,odessapolice,Odessa National Night Out is Right Around the Corner,
459,2016-09-29 19:52:18+00:00,odessapolice,Fugitive of the Week Arrested in the 400 Block of East 45th Street,
460,2016-09-28 16:27:15+00:00,odessapolice,Odessa Police Make Arrest in Connection to ATM Burglary at Uncle's Convenient Store,
461,2016-09-27 20:26:14+00:00,odessapolice,9-27-16 Crime of the Week,
462,2016-09-27 14:21:10+00:00,odessapolice,Traffic Tuesday Tip,
463,2016-09-26 21:20:40+00:00,odessapolice,Odessa Animal Control Asking Public to Adopt “Urgent” Dogs,
464,2016-09-26 20:08:58+00:00,odessapolice,9-26-16 Fugitive of the Week,
465,2016-09-26 14:00:42+00:00,odessapolice,9-26-16 Odessa High 5,
466,2016-09-26 12:42:02+00:00,odessapolice,BEGIN YOUR CAREER WITH THE ODESSA POLICE DEPARTMENT!,
467,2016-09-23 21:37:33+00:00,odessapolice,Odessa Police Warning Citizens About IRS Scam Involving Odessa Citizens,
468,2016-09-23 20:39:35+00:00,odessapolice,Safe Zones for the Week of 9-26-16,
469,2016-09-23 20:07:23+00:00,odessapolice,Driver Involved in Crash on 9-4-16 Succumbs to Injuries,
470,2016-09-23 15:02:32+00:00,odessapolice,Odessa Police Make Arrest in Connection to Shooting in 1900 Block of East 8th Street,
471,2016-09-22 19:47:01+00:00,odessapolice,Odessa Police Asking for Public's Assistance in Connection to ATM Burglaries,
472,2016-09-22 15:04:33+00:00,odessapolice,OPD Asking for Public's Assistance in Connection to Three Overnight ATM Burglaries,
473,2016-09-22 12:16:15+00:00,odessapolice,Crime Prevention Tips,
474,2016-09-21 21:27:46+00:00,odessapolice,OPD Accepting Registrations for National Night Out,
475,2016-09-21 18:46:19+00:00,odessapolice,Update: Navarrete was taken into custody yesterday as is no longer wanted.,
476,2016-09-21 18:14:55+00:00,odessapolice,DID YOU KNOW? Funeral Processions,
477,2016-09-20 20:34:21+00:00,odessapolice,9-20-16 Fugitive of the Week,
478,2016-09-20 15:12:44+00:00,odessapolice,Odessa Police Make Two Arrests in Connection to Hit & Run Near Grandview & Beechwood,
479,2016-09-20 13:01:48+00:00,odessapolice,Traffic Tuesday Tip,
480,2016-09-19 16:41:43+00:00,odessapolice,9-19-16 Odessa High 5,
481,2016-09-19 14:42:12+00:00,odessapolice,Odessa Police Asking for Public's Assistance in Reference to Hit & Run Crash Involving Motorcycle,
482,2016-09-19 12:18:51+00:00,odessapolice,BEGIN YOUR CAREER WITH THE ODESSA POLICE DEPARTMENT!,
483,2016-09-18 02:07:05+00:00,odessapolice,Tornado Warning has expired but there is still a Severe Thunderstorm Warning in effect. Stay off the roads if at all possible.,
484,2016-09-16 14:01:48+00:00,odessapolice,Safe Zones for the Week of 9-19-16,
485,2016-09-15 18:29:01+00:00,odessapolice,Corporal Shawn Allafchian Named OPD Officer of the Month for September,
486,2016-09-15 15:24:40+00:00,odessapolice,Odessa Police Make Four More Arrests in Connection to Odessa Camera Center Burglary,
487,2016-09-15 12:08:54+00:00,odessapolice,Crime Prevention Tips,
488,2016-09-14 20:34:11+00:00,odessapolice,OPD Accepting Registrations for National Night Out,
489,2016-09-14 18:54:22+00:00,odessapolice,DID YOU KNOW? city parking,
490,2016-09-14 15:52:35+00:00,odessapolice,Three Arrests Made in Connection to Odessa Camera Center Burglary,
491,2016-09-13 13:22:05+00:00,odessapolice,9-13-16 Fugitive of the Week,
492,2016-09-13 13:16:07+00:00,odessapolice,Traffic Tuesday Tip,
493,2016-09-12 18:20:56+00:00,odessapolice,9-12-16 Odessa High 5,
494,2016-09-12 12:54:31+00:00,odessapolice,BEGIN YOUR CAREER WITH THE ODESSA POLICE DEPARTMENT!,
495,2016-09-09 19:53:10+00:00,odessapolice,Safe Zones for the Week of 9-9-16,
496,2016-09-09 15:31:47+00:00,odessapolice,Odessa Police Asking for Public's Assistance in Reference to Credit Card Abuse Investigation,
497,2016-09-09 14:38:52+00:00,odessapolice,OCFC Presents Police Cross to Odessa Police Department,
498,2016-09-09 13:49:04+00:00,odessapolice,Odessa Police Asking for Public's Assistance with Credit Card Abuse Investigation,
499,2016-09-09 13:37:55+00:00,odessapolice,Odessa Police Asking for Public's Help in Reference to Debit Card Abuse Investigation,
500,2016-09-08 22:16:54+00:00,odessapolice,Reported Sightings of Mountain Lion at Comanche Trail Park,
501,2016-09-08 20:00:12+00:00,odessapolice,Odessa Police Make Five Arrests in Connection to Residential Burglary in the 500 Block of East 94th Street,
502,2016-09-08 19:22:37+00:00,odessapolice,Odessa Police Asking for Public’s Assistance in Identifying Car Batteries,
503,2016-09-08 16:36:19+00:00,odessapolice,Odessa Police Asking for Public's Assistance with Credit Card Abuse Investigation,
504,2016-09-08 16:30:15+00:00,odessapolice,Odessa Police Asking for Public's Help in Connection to Counterfeit Check Investigation,
505,2016-09-08 16:25:06+00:00,odessapolice,Odessa Police Asking for Public's Assistance with Credit Card Abuse Investigation,
506,2016-09-07 22:22:51+00:00,odessapolice,Do You Know The Speed Limit In An Alley?,
507,2016-09-06 21:45:25+00:00,odessapolice,9-6-16 Fugitive of the Week Update,
508,2016-09-06 13:38:24+00:00,odessapolice,Citizen’s Arrest Made in Connection to Robbery in the 2100 Block of East 9th Street,
509,2016-09-06 12:00:41+00:00,odessapolice,BEGIN YOUR CAREER WITH THE ODESSA POLICE DEPARTMENT!,
510,2016-09-05 16:24:25+00:00,odessapolice,Update: Major Crash in the 700 Block of East IH-20,
511,2016-09-05 14:31:04+00:00,odessapolice,9-5-16 Fugitive of the Week,
512,2016-09-04 22:02:07+00:00,odessapolice,Major Crash in the 700 Block of East IH-20,
513,2016-09-04 21:19:53+00:00,odessapolice,9-5-16 Odessa High 5,
514,2016-09-02 16:23:33+00:00,odessapolice,Odessa Police Make Arrest in Connection to Child Abuse Investigation,
515,2016-09-01 12:21:35+00:00,odessapolice,Crime Prevention Tips,
516,2016-09-01 02:08:03+00:00,odessapolice,Odessa Police Asking for Public's Assistance in Locating Missing Child Please Share!,
517,2016-08-31 20:22:56+00:00,odessapolice,"Local Community Hero Night is Thursday, September 1st from 5-8pm",
518,2016-08-31 20:01:15+00:00,odessapolice,Odessa Police Make Arrest in Connection to Commercial State Bank Robbery,
519,2016-08-31 16:16:19+00:00,odessapolice,Odessa Police Asking for Public's Help in Locating Avis Lube Burglary Suspect,
520,2016-08-31 12:48:59+00:00,odessapolice,DID YOU KNOW?,
521,2016-08-30 16:21:07+00:00,odessapolice,Odessa Police Arrest Wanted Fugitive Latrell Cox,
522,2016-08-30 14:20:44+00:00,odessapolice,Odessa Police Charge Five Subjects in Connection to Shooting in 400 Block of Schell,
523,2016-08-30 13:21:25+00:00,odessapolice,Traffic Tuesday Tip,
524,2016-08-29 15:42:47+00:00,odessapolice,Domino’s Delivers Pizza to Odessa Police Department,
525,2016-08-29 15:12:10+00:00,odessapolice,8-29-16 Fugitive of the Week,
526,2016-08-29 14:03:16+00:00,odessapolice,8-29-16 Odessa High 5,
527,2016-08-29 12:57:02+00:00,odessapolice,BEGIN YOUR CAREER WITH THE ODESSA POLICE DEPARTMENT!,
528,2016-08-26 19:25:48+00:00,odessapolice,Safe Zones for the Week of 8-29-16,
529,2016-08-26 15:08:11+00:00,odessapolice,Odessa Police Still Asking for Public's Assistance in Locating Aggravated Robbery Suspect Justin Mata,
530,2016-08-26 14:10:19+00:00,odessapolice,Odessa Police Make Two More Arrests in Connection to Last Weekend's Robberies,
531,2016-08-25 12:28:30+00:00,odessapolice,Crime Prevention Tips,
532,2016-08-24 16:03:21+00:00,odessapolice,DID YOU KNOW?,
533,2016-08-24 15:51:56+00:00,odessapolice,Odessa Police Make 5 Arrests in Connection to Several Robberies,
534,2016-08-23 20:05:50+00:00,odessapolice,Traffic Tuesday Tip,
535,2016-08-22 14:07:04+00:00,odessapolice,8-22-16 Fugitive of the Week,
536,2016-08-22 14:05:23+00:00,odessapolice,8-22-16 Fugitive of the Week,
537,2016-08-22 13:47:24+00:00,odessapolice,8-22-16 Odessa High 5,
538,2016-08-22 12:35:57+00:00,odessapolice,BEGIN YOUR CAREER WITH THE ODESSA POLICE DEPARTMENT!,
539,2016-08-20 16:41:34+00:00,odessapolice,Odessa Police Asking for Public's Assistance in Locating Wanted Fugitive,
540,2016-08-20 00:32:08+00:00,odessapolice,Odessa Police Asking for Public's Assistance in Locating two Wanted Fugitives,
541,2016-08-19 22:00:52+00:00,odessapolice,Safe Zones for the Week of 8-22-16,
542,2016-08-19 15:27:05+00:00,odessapolice,OPD Patrol Officers Visit the “Just 4 Me Learning Daycare”,
543,2016-08-19 14:09:29+00:00,odessapolice,SCHOOL STARTS MONDAY!,
544,2016-08-19 13:14:59+00:00,odessapolice,Odessa Police Charge Four Subjects in Connection Firearms & Narcotics Investigation,
545,2016-08-18 14:11:25+00:00,odessapolice,OPD Still Asking for Public’s help in Locating Missing Person,
546,2016-08-18 12:39:39+00:00,odessapolice,Crime Prevention Tips,
547,2016-08-17 21:34:24+00:00,odessapolice,Odessa Police Make Arrest in Connection to Yeti Theft Investigation,
548,2016-08-17 14:48:53+00:00,odessapolice,Odessa Police Make Two Arrests in Connection to N-N-Out Robbery,
549,2016-08-17 13:48:27+00:00,odessapolice,Girl Scout Troop 316 Tours the Odessa Police Department,
550,2016-08-16 14:59:50+00:00,odessapolice,Traffic Tuesday Tip,
551,2016-08-16 12:21:12+00:00,odessapolice,Neighborhood Watch Meeting,
552,2016-08-15 22:14:24+00:00,odessapolice,Odessa Police Asking for Public's Help in Connection to N-N-Out Robbery,
553,2016-08-15 19:51:18+00:00,odessapolice,Update: Major Crash in the 1300 Block of East 8th Street,
554,2016-08-15 13:20:01+00:00,odessapolice,8-15-16 Odessa High 5,
555,2016-08-15 12:33:12+00:00,odessapolice,BEGIN YOUR CAREER WITH THE ODESSA POLICE DEPARTMENT!,
556,2016-08-12 14:26:40+00:00,odessapolice,Odessa Police Charge Man in Connection to Impersonating a Public Servant while Committing Thefts,
557,2016-08-11 20:12:37+00:00,odessapolice,Odessa Police Department Receiving New Multi-Purpose Facility,
558,2016-08-11 13:05:48+00:00,odessapolice,Crime Prevention Tips,
559,2016-08-10 21:29:05+00:00,odessapolice,Odessa Police Charge Man in Connection to Two More Investigations,
560,2016-08-09 21:53:37+00:00,odessapolice,OPD Asking for Public’s help in Locating Missing Person,
561,2016-08-09 02:48:53+00:00,odessapolice,Odessa Police Investigating Major Crash in the 1300 Block of East 8th Street,
562,2016-08-08 15:28:02+00:00,odessapolice,Odessa Police Charge Man in Connection to Four Theft Investigations,
563,2016-08-08 14:31:44+00:00,odessapolice,Corporal Roland Heyne Named OPD Officer of the Month for August,
564,2016-08-08 13:56:11+00:00,odessapolice,8-8-16 Odessa High 5,
565,2016-08-08 12:23:25+00:00,odessapolice,BEGIN YOUR CAREER WITH THE ODESSA POLICE DEPARTMENT!,
566,2016-08-05 14:01:39+00:00,odessapolice,Safe Zones for the Week of 8-8-16,
567,2016-08-04 22:58:26+00:00,odessapolice,There is a major fire in the 400 block of E. 56th St. We ask that everyone avoid this area as we assist the Fire Department.,
568,2016-08-04 12:58:59+00:00,odessapolice,Crime Prevention Tips,
569,2016-08-03 21:52:47+00:00,odessapolice,Odessa Police Arrest Man in Connection to Seven Eleven Robbery,
570,2016-08-03 15:11:27+00:00,odessapolice,Odessa Police Make Three Arrests in Connection to Robbery on Wilson,
571,2016-08-03 02:40:52+00:00,odessapolice,Major Crash in the 2500 Block of Andrews Highway,
572,2016-08-02 15:26:15+00:00,odessapolice,8-2-16 Crime of the Week,
573,2016-08-02 13:26:33+00:00,odessapolice,8-2-16 Fugitive of the Week Update,
574,2016-08-01 20:58:18+00:00,odessapolice,Local Church Bring Cards & Cookies for OPD Officers,
575,2016-08-01 14:11:45+00:00,odessapolice,8-1-16 Fugitives of the Week,
576,2016-08-01 13:52:43+00:00,odessapolice,8-1-16 Odessa High 5,
577,2016-08-01 12:57:37+00:00,odessapolice,BEGIN YOUR CAREER WITH THE ODESSA POLICE DEPARTMENT!,
578,2016-07-30 19:51:37+00:00,odessapolice,Odessa Police Make Arrest in Connection to Standoff in the 3700 Block of Crestview,
579,2016-07-29 22:03:52+00:00,odessapolice,8-1-16 Fugitive of the Week,
580,2016-07-29 19:06:37+00:00,odessapolice,Safe Zones for the Week of 8-1-16,
581,2016-07-28 12:55:02+00:00,odessapolice,Crime Prevention Tips,
582,2016-07-27 19:07:52+00:00,odessapolice,DID YOU KNOW? City Impoundment of Vehicles,
583,2016-07-27 14:45:02+00:00,odessapolice,Midland-Odessa Campaign Targets Illegal Gun Purchases,
584,2016-07-26 17:38:27+00:00,odessapolice,7-26-16 Crime of the Week,
585,2016-07-25 23:45:44+00:00,odessapolice,Motorcycle Crash in the 2900 Block of East University,
586,2016-07-25 22:53:23+00:00,odessapolice,Odessa Police Make Arrest in Connection to Drive by Shooting in 400 Block of Snyder,
587,2016-07-25 21:47:42+00:00,odessapolice,Joint News Conference this Wednesday Targeting Illegal Gun Purchases,
588,2016-07-25 15:22:27+00:00,odessapolice,7-25-16 Fugitive of the Week,
589,2016-07-25 13:51:09+00:00,odessapolice,7-25-16 Odessa High 5,
590,2016-07-25 13:08:38+00:00,odessapolice,BEGIN YOUR CAREER WITH THE ODESSA POLICE DEPARTMENT!,
591,2016-07-22 21:42:49+00:00,odessapolice,Safe Zones for the Week of 7-25-16,
592,2016-07-22 20:30:50+00:00,odessapolice,Two Arrests Made in Connection to Officer-Involved Crash,
593,2016-07-22 19:31:33+00:00,odessapolice,OPD Would Like to Say Thank You to Hubbard-Kelly Funeral Home,
594,2016-07-22 14:58:41+00:00,odessapolice,Update - Fatality Crash in the 6500 Block of Eastridge,
595,2016-07-22 04:20:13+00:00,odessapolice,Fatality Crash in the 6500 Block of Eastridge,
596,2016-07-21 21:38:01+00:00,odessapolice,Odessa Animal Control Asking Public to Adopt “Urgent” Dogs,
597,2016-07-21 19:53:27+00:00,odessapolice,Odessa Police Make Arrest in Connection to Robbery at Seville Apartments,
598,2016-07-21 18:24:05+00:00,odessapolice,Crime Prevention Tips,
599,2016-07-20 16:01:24+00:00,odessapolice,OPD Would Like to Say Thank You to La Margarita,
600,2016-07-18 21:51:03+00:00,odessapolice,7-19-16 Fugitive of the Week,
601,2016-07-18 16:16:25+00:00,odessapolice,Open Community Forum Set for Tomorrow Night at Blackshear Elementary,
602,2016-07-18 13:43:56+00:00,odessapolice,7-18-16 Odessa High 5,
603,2016-07-18 12:56:04+00:00,odessapolice,BEGIN YOUR CAREER WITH THE ODESSA POLICE DEPARTMENT!,
604,2016-07-15 21:09:55+00:00,odessapolice,Odessa Police Department Hosting Four Women's Self-Defense Sessions,
605,2016-07-15 20:41:12+00:00,odessapolice,Two Open Community Forum Events Next Week,
606,2016-07-15 19:59:35+00:00,odessapolice,OPD Honor Guard has been in Dallas for 3 days Paying Respect for the 5 Fallen Dallas PD Officers,
607,2016-07-15 19:40:35+00:00,odessapolice,Safe Zones for the Week of 7-18-16,
608,2016-07-14 20:47:07+00:00,odessapolice,Odessa Police Make Four Arrests in Connection to 8-Liner Investigation,
609,2016-07-14 20:13:31+00:00,odessapolice,OPD Would Like to Say Thank You to the Citizens of Odessa,
610,2016-07-14 18:49:01+00:00,odessapolice,Crime Prevention Tips,
611,2016-07-14 17:48:03+00:00,odessapolice,The OPD Honor Guard has been in Dallas the last two days paying their respects to the Five Fallen Dallas PD Officers,
612,2016-07-14 16:40:43+00:00,odessapolice,Corporal Rusty Martin Named OPD Officer of the Month for July,
613,2016-07-14 13:00:02+00:00,odessapolice,DID YOU KNOW?,
614,2016-07-13 11:44:59+00:00,odessapolice,Odessa Police Locate and Arrest Bank Robbery Suspect Hilarry White,
615,2016-07-13 00:26:51+00:00,odessapolice,Odessa Police Asking for Public's Assistance in Connection to Chase Bank Robbery,
616,2016-07-12 14:01:25+00:00,odessapolice,7-12-16 Fugitive of the Week,
617,2016-07-12 02:40:40+00:00,odessapolice,Bank of America Robbery Suspect Identified,
618,2016-07-11 22:12:02+00:00,odessapolice,Odessa Police Asking for Public's Assistance in Connection to Bank of America Robbery,
619,2016-07-11 13:38:25+00:00,odessapolice,From the Officers of the Odessa Police Department.,
620,2016-07-11 13:38:19+00:00,odessapolice,7-11-16 Odessa High 5,
621,2016-07-11 13:26:25+00:00,odessapolice,7-11-16 Fugitive of the Week,
622,2016-07-11 12:33:45+00:00,odessapolice,BEGIN YOUR CAREER WITH THE ODESSA POLICE DEPARTMENT!,
623,2016-07-08 21:05:14+00:00,odessapolice,Odessa Animal Control Asking Public to Adopt “Urgent” Dogs,
624,2016-07-08 20:11:44+00:00,odessapolice,Safe Zones for the Week of 7-11-16,
625,2016-07-08 19:15:41+00:00,odessapolice,Odessa Police Make Arrest in Connection to Dog Attack Near Ada & Lee,
626,2016-07-08 15:58:50+00:00,odessapolice,OPD Detectives Charge Two Subjects in Connection to Several Investigations,
627,2016-07-08 13:42:49+00:00,odessapolice,Odessa Police Make Arrest in Connection to Shooting in 900 Block of West 26th Street,
628,2016-07-07 20:18:49+00:00,odessapolice,Odessa Police Asking for Public’s Assistance in Locating Murder Suspect,
629,2016-07-07 18:26:23+00:00,odessapolice,Odessa Police Conduct Protective Order Compliance Inspections,
630,2016-07-07 12:57:56+00:00,odessapolice,Crime Prevention Tips,
631,2016-07-07 02:15:03+00:00,odessapolice,Odessa Police Conduct Protective Order Compliance Inspections,
632,2016-07-06 20:23:14+00:00,odessapolice,DID YOU KNOW?,
633,2016-07-06 14:47:51+00:00,odessapolice,Odessa Police Asking for Public’s Assistance with Stolen Tires & Rims Investigation,
634,2016-07-05 14:02:10+00:00,odessapolice,7-5-16 Crime of the Week,
635,2016-07-05 12:58:36+00:00,odessapolice,BEGIN YOUR CAREER WITH THE ODESSA POLICE DEPARTMENT!,
636,2016-07-04 15:02:21+00:00,odessapolice,7-4-16 Odessa High 5,
637,2016-07-04 14:31:12+00:00,odessapolice,7-4-16 Fugitive of the Week,
638,2016-07-01 16:30:55+00:00,odessapolice,Downtown Odessa Area - Traffic Alert,
639,2016-07-01 14:01:51+00:00,odessapolice,Safe Zones for the Week of 7-4-16,
640,2016-06-30 18:29:10+00:00,odessapolice,Odessa Police Make Two Arrests in Connection to Murder in the 1400 Block of East 5th Street,
641,2016-06-30 13:22:53+00:00,odessapolice,Odessa Police Asking for Public’s Assistance with Aggravated Robbery Investigation,
642,2016-06-30 13:15:50+00:00,odessapolice,Crime Prevention Tips,
643,2016-06-29 19:10:33+00:00,odessapolice,DID YOU KNOW?,
644,2016-06-29 13:49:54+00:00,odessapolice,Odessa Animal Control Asking Public to Adopt “Urgent” Dogs,
645,2016-06-29 12:46:41+00:00,odessapolice,Pet Tip of the Week,
646,2016-06-28 21:00:41+00:00,odessapolice,6-28-16 Crime of the Week,
647,2016-06-28 01:45:22+00:00,odessapolice,Missing Person Jordan Sanders Located Safe and Sound,
648,2016-06-27 21:51:41+00:00,odessapolice,Odessa Police Asking for Public’s Assistance in Locating Missing Person Please Share!,
649,2016-06-27 21:50:30+00:00,odessapolice,Odessa Police Asking for Public’s Assistance in Locating Missing Person,
650,2016-06-27 18:27:24+00:00,odessapolice,BEGIN YOUR CAREER WITH THE ODESSA POLICE DEPARTMENT!,
651,2016-06-27 17:06:59+00:00,odessapolice,6-27-16 Fugitive of the Week,
652,2016-06-27 14:00:34+00:00,odessapolice,6-27-16 Odessa High 5,
653,2016-06-24 20:04:21+00:00,odessapolice,Safe Zones for the Week of 6-27-16,
654,2016-06-24 15:08:07+00:00,odessapolice,Odessa Police Make Additional Arrest in Connection to Kelly Grimsley Honda Robbery,
655,2016-06-23 19:30:22+00:00,odessapolice,Odessa Police Make Arrest in Connection to 2009 Homicide,
656,2016-06-23 18:32:19+00:00,odessapolice,6-23-16 OPD's Recent Felony Arrests,
657,2016-06-23 18:21:19+00:00,odessapolice,Crime Prevention Tips,
658,2016-06-23 12:20:08+00:00,odessapolice,DID YOU KNOW?,
659,2016-06-21 21:26:59+00:00,odessapolice,Odessa Police Charge Man in Connection to Several Offenses,
660,2016-06-21 18:33:21+00:00,odessapolice,Traffic Tuesday Tip,
661,2016-06-21 18:04:24+00:00,odessapolice,"OAC Asking Public to Adopt 8 “Urgent Dogs” by Saturday, June 25th",
662,2016-06-21 13:15:26+00:00,odessapolice,6-21-16 Crime of the Week,
663,2016-06-20 20:33:09+00:00,odessapolice,Neighborhood Watch Meeting Cancelled,
664,2016-06-20 19:23:33+00:00,odessapolice,Update - Duran was located in the 1000 block of Del Rio and placed into custody today at approximately 1317 hours.,
665,2016-06-20 15:00:53+00:00,odessapolice,Midland and Odessa Police to Compete in Charity Basketball Game Tomorrow Night,
666,2016-06-20 14:30:21+00:00,odessapolice,6-20-16 Fugitive of the Week,
667,2016-06-20 14:25:16+00:00,odessapolice,Safe Zones for the Week of 6-20-16,
668,2016-06-20 13:56:17+00:00,odessapolice,6-20-16 Odessa High 5,
669,2016-06-20 12:48:30+00:00,odessapolice,BEGIN YOUR CAREER WITH THE ODESSA POLICE DEPARTMENT!,
670,2016-06-17 21:37:39+00:00,odessapolice,Please Share! Odessa Animal Control Asking Public to Adopt Dogs this Weekend.,
671,2016-06-17 16:35:08+00:00,odessapolice,Odessa Police Make Arrest in Connection to Robbery at UTPB Park,
672,2016-06-17 16:30:22+00:00,odessapolice,Odessa Police Make Arrest in Connection to Seven Eleven Robbery,
673,2016-06-16 22:05:10+00:00,odessapolice,Thirteen New Odessa Police Officers Sworn in,
674,2016-06-16 21:54:24+00:00,odessapolice,Odessa's newest being sworn in by Chief Burton.,
675,2016-06-16 21:28:28+00:00,odessapolice,Summer Market Trade Show Set for Saturday,
676,2016-06-16 20:29:45+00:00,odessapolice,Odessa Police Department's newest academy graduates.,
677,2016-06-16 13:36:17+00:00,odessapolice,Crime Prevention Tips,
678,2016-06-14 20:04:49+00:00,odessapolice,Traffic Tuesday Tip,
679,2016-06-14 13:55:17+00:00,odessapolice,Pet Tip of the Week,
680,2016-06-14 08:05:06+00:00,odessapolice,All traffic on Andrews Hwy is now open. Thank you for your cooperation.,
681,2016-06-14 04:31:43+00:00,odessapolice,The Department is investigating a major crash at Andrews Hwy & E. 38th St. All traffic on Andrews Hwy is blocked from E. 42nd to E. 37th.,
682,2016-06-13 12:18:28+00:00,odessapolice,BEGIN YOUR CAREER WITH THE ODESSA POLICE DEPARTMENT!,
683,2016-06-12 07:27:01+00:00,odessapolice,"Due to deep standing water on various roadways and power outages, we are asking everyone to stay off all roadways until the rain stops.",
684,2016-06-10 14:02:18+00:00,odessapolice,Safe Zones for the Week of 6-13-16,
685,2016-06-09 13:26:46+00:00,odessapolice,Crime Prevention Tips,
686,2016-06-08 19:32:38+00:00,odessapolice,DID YOU KNOW?,
687,2016-06-07 19:27:52+00:00,odessapolice,Traffic Tuesday Tip,
688,2016-06-06 15:40:39+00:00,odessapolice,6-6-16 Fugitive of the Week,
689,2016-06-06 15:16:22+00:00,odessapolice,Odessa Police Charge Man in Connection to Aggravated Robbery,
690,2016-06-06 14:31:06+00:00,odessapolice,6-6-16 Odessa High 5,
691,2016-06-06 13:44:52+00:00,odessapolice,Multi-Disciplinary Team Member of the Year,
692,2016-06-06 12:55:43+00:00,odessapolice,BEGIN YOUR CAREER WITH THE ODESSA POLICE DEPARTMENT!,
693,2016-06-03 21:50:22+00:00,odessapolice,Safe Zones for the Week of 6-6-16,
694,2016-06-03 18:33:15+00:00,odessapolice,Odessa Police Arrest Man Twice in Connection to Trespass / Burglary Investigation,
695,2016-06-03 16:04:55+00:00,odessapolice,Corporal Maycon Cuellar Named OPD Officer of the Month for June,
696,2016-06-03 15:36:07+00:00,odessapolice,Odessa Police Athletic League Begins Next Week,
697,2016-06-03 14:02:01+00:00,odessapolice,Law Enforcement Watching for Underage Drinking Parties This Weekend,
698,2016-06-02 21:46:42+00:00,odessapolice,"Odessa Police Department Receives $25,000 From Clay Shoot Event",
699,2016-06-02 21:09:59+00:00,odessapolice,"Odessa Police Department Receives $25,000 From Clay Shoot Event",
700,2016-06-02 19:11:26+00:00,odessapolice,6-2-16 OPD's Recent Felony Arrests,
701,2016-06-02 13:31:54+00:00,odessapolice,Crime Prevention Tips,
702,2016-06-01 21:00:09+00:00,odessapolice,6-1-16 OPD's Recent Felony Arrests,
703,2016-06-01 20:23:41+00:00,odessapolice,Midland and Odessa Police to Compete in Charity Basketball Game,
704,2016-06-01 16:02:19+00:00,odessapolice,Law Enforcement Watching for Underage Drinking Parties,
705,2016-06-01 06:53:22+00:00,odessapolice,All traffic on W. 2nd St is now open for traffic. Thank you for avoiding this area while closed.,
706,2016-06-01 04:31:40+00:00,odessapolice,"Due to high water, the Odessa PD is blocking W. 2nd St between N. Kelley and N. County Rd West. We will advise when this area will be safe.",
707,2016-05-31 21:19:01+00:00,odessapolice,5-31-16 OPD's Recent Felony Arrests,
708,2016-05-31 14:26:29+00:00,odessapolice,5-31-16 Crime of the Week,
709,2016-05-31 13:59:19+00:00,odessapolice,BEGIN YOUR CAREER WITH THE ODESSA POLICE DEPARTMENT!,
710,2016-05-30 22:01:10+00:00,odessapolice,Please Remember to Bring Your Unused or Expired Medicines to the Odessa Police Department Tomorrow from 10am-2pm,
711,2016-05-30 14:30:54+00:00,odessapolice,5-30-16 Fugitive of the Week,
712,2016-05-30 14:01:47+00:00,odessapolice,5-30-16 Odessa High 5,
713,2016-05-27 19:21:36+00:00,odessapolice,Odessa Police Department Medicine Box 2nd Anniversary,
714,2016-05-27 19:09:38+00:00,odessapolice,Safe Zones for the Week of 5-30-16,
715,2016-05-27 16:36:43+00:00,odessapolice,Odessa Police Assist with Federal Narcotics Operation,
716,2016-05-27 14:47:07+00:00,odessapolice,"Traffic Stop Leads to Arrest of 3 Subjects with 9 Grams of Meth, Brass Knuckles & Prescription Pills",
717,2016-05-26 21:38:03+00:00,odessapolice,Odessa Animal Control Visits Noel Elementary,
718,2016-05-26 15:57:19+00:00,odessapolice,DID YOU KNOW ?,
719,2016-05-25 18:03:47+00:00,odessapolice,Pet Tip of the Week,
720,2016-05-25 16:22:47+00:00,odessapolice,Arrest Made in Connection to Homicide in the 2600 Block of Madera,
721,2016-05-25 15:30:54+00:00,odessapolice,Law Enforcement Watching for Underage Drinking Parties,
722,2016-05-25 14:03:56+00:00,odessapolice,Odessa Police Make Arrest in Connection to Arson/Burglary Investigation,
723,2016-05-24 21:15:24+00:00,odessapolice,5-24-16 OPD's Recent Felony Arrests,
724,2016-05-24 16:32:50+00:00,odessapolice,2016 Police Memorial Service,
725,2016-05-24 14:02:08+00:00,odessapolice,5-24-16 Crime of the Week,
726,2016-05-23 19:36:16+00:00,odessapolice,2016 Law Enforcement Torch Run for Special Olympics,
727,2016-05-23 14:16:54+00:00,odessapolice,5-23-16 Fugitive of the Week,
728,2016-05-23 14:01:36+00:00,odessapolice,5-23-16 Odessa High 5,
729,2016-05-23 12:53:55+00:00,odessapolice,BEGIN YOUR CAREER WITH THE ODESSA POLICE DEPARTMENT!,
730,2016-05-21 12:16:52+00:00,odessapolice,E. 42nd and Tanglewood is now open to traffic.,
731,2016-05-21 09:45:52+00:00,odessapolice,Please avoid the area of E. 42nd St and Tanglewood Ln. We are investigating a major crash that occurred. Lane closures in each direction.,
732,2016-05-20 19:35:22+00:00,odessapolice,Safe Zones for the Week of 5-23-16,
733,2016-05-19 20:01:24+00:00,odessapolice,Odessa Police Make Arrest in Connection to Shooting in 1400 Block of South Alleghaney,
734,2016-05-19 13:09:09+00:00,odessapolice,Crime Prevention Tip,
735,2016-05-17 22:09:23+00:00,odessapolice,Homicide in the 4600 Block of Valleybrook Lane - Update,
736,2016-05-17 21:55:07+00:00,odessapolice,5-17-16 Crime of the Week,
737,2016-05-17 21:22:11+00:00,odessapolice,DID YOU KNOW: Resisting Arrest,
738,2016-05-17 20:37:25+00:00,odessapolice,Traffic Tuesday Tip,
739,2016-05-17 19:01:15+00:00,odessapolice,2016 National Police Memorial Week,
740,2016-05-16 19:34:35+00:00,odessapolice,Investigation revealed that the items found inside of the suspicious box were not harmful. The area of 42nd & Tanglewood has been reopened.,
741,2016-05-16 19:08:59+00:00,odessapolice,OPD Bomb Squad Unit is currently at 42nd & Tanglewood investigating a suspicious package. Please avoid the area until further advised.,
742,2016-05-16 14:43:26+00:00,odessapolice,Safe Zones for the Week of 5-16-16,
743,2016-05-16 14:12:11+00:00,odessapolice,5-16-16 Fugitive of the Week,
744,2016-05-16 14:04:01+00:00,odessapolice,5-16-16 Odessa High 5,
745,2016-05-16 13:02:42+00:00,odessapolice,BEGIN YOUR CAREER WITH THE ODESSA POLICE DEPARTMENT!,
746,2016-05-15 22:10:08+00:00,odessapolice,Odessa Police Investigating Homicide in East Odessa,
747,2016-05-13 16:30:52+00:00,odessapolice,2016 National Police Memorial Week,
748,2016-05-12 19:40:23+00:00,odessapolice,5-12-16 OPD's Recent Felony Arrests,
749,2016-05-12 12:44:52+00:00,odessapolice,Crime Prevention Tip - Stop Bullying,
750,2016-05-11 21:52:24+00:00,odessapolice,Odessa Police Charge Man in Connection to Multiple February Robberies,
751,2016-05-11 20:52:01+00:00,odessapolice,Odessa Police Asking for Public’s Assistance with Forgery Investigation,
752,2016-05-11 20:24:26+00:00,odessapolice,Odessa’s Most Wanted Felons,
753,2016-05-11 18:42:30+00:00,odessapolice,Did you know... Discharging Firearms.,
754,2016-05-11 13:47:44+00:00,odessapolice,Neighborhood Watch Meeting,
755,2016-05-10 18:17:07+00:00,odessapolice,Traffic Tuesday Tip,
756,2016-05-10 13:30:00+00:00,odessapolice,5-10-16 Crime of the Week,
757,2016-05-09 14:27:27+00:00,odessapolice,5-9-16 Fugitive of the Week,
758,2016-05-09 14:01:46+00:00,odessapolice,5-9-16 Odessa High 5,
759,2016-05-09 13:06:05+00:00,odessapolice,BEGIN YOUR CAREER WITH THE ODESSA POLICE DEPARTMENT!,
760,2016-05-07 00:33:15+00:00,odessapolice,The area of W. 10th and Whitaker is now clear for traffic. Thank you for your cooperation.,
761,2016-05-06 18:23:00+00:00,odessapolice,Pet Tip of the Week,
762,2016-05-06 16:03:42+00:00,odessapolice,Safe Zones for the Week of 5-9-16,
763,2016-05-05 19:07:38+00:00,odessapolice,Crime Prevention Tip,
764,2016-05-05 12:25:08+00:00,odessapolice,Did you know... Failure to Identify,
765,2016-05-04 21:49:57+00:00,odessapolice,Corporal Gary Potter Named OPD Officer of the Month for May,
766,2016-05-04 21:35:28+00:00,odessapolice,Auto Burglary / Auto Theft News Conference https://youtu.be/DTLln18ek94,
767,2016-05-04 21:29:12+00:00,odessapolice,Auto Burglary / Auto Theft News Conferencehttps://youtu.be/DTLln18ek94,
768,2016-05-04 16:50:32+00:00,odessapolice,Odessa Police Make Two Arrests in Connection to Evading & Hindering Apprehension,
769,2016-05-03 23:35:10+00:00,odessapolice,Girl Scout Troop 521 Tours the Odessa Police Department,
770,2016-05-03 23:33:54+00:00,odessapolice,Girl Scout Troop 521 Tours the Odessa Police Department,
771,2016-05-03 22:04:05+00:00,odessapolice,5-3-16 Fugitive of the Week Update,
772,2016-05-02 16:17:19+00:00,odessapolice,5-2-16 Odessa High 5 Update,
773,2016-05-02 16:08:13+00:00,odessapolice,Odessa Police Asking for Public’s Assistance with Shooting Investigation,
774,2016-05-02 13:50:07+00:00,odessapolice,5-2-16 Odessa High 5,
775,2016-05-02 13:28:01+00:00,odessapolice,5-2-16 Fugitive of the Week,
776,2016-05-02 12:59:29+00:00,odessapolice,BEGIN YOUR CAREER WITH THE ODESSA POLICE DEPARTMENT!,
777,2016-04-29 20:13:40+00:00,odessapolice,Odessa Police Asking for Public’s Assistance with Theft / Credit Card Abuse Investigation,
778,2016-04-29 20:07:47+00:00,odessapolice,Odessa Police Asking for Public’s Assistance with Theft / Credit Card Abuse Investigation,
779,2016-04-29 17:05:51+00:00,odessapolice,Cpl. LeSueur interviewing with the media at Bustin for Badges.,
780,2016-04-29 16:20:08+00:00,odessapolice,Safe Zones for the Week of 5-2-16,
781,2016-04-29 15:54:40+00:00,odessapolice,Odessa Police Asking for Public’s Assistance in Locating Missing Person,
782,2016-04-29 15:46:23+00:00,odessapolice,Odessa Police Charge Man in Connection to 20 Counts of Invasive Visual Recording,
783,2016-04-29 14:56:25+00:00,odessapolice,Bustin for Badges Supporting Law Enforcement,
784,2016-04-29 14:47:15+00:00,odessapolice,Busting for Badges Supporting Law Enforcement,
785,2016-04-28 20:32:45+00:00,odessapolice,Odessa Police Asking for Public’s Help in Locating Suspect for Invasive Visual Recordings,
786,2016-04-28 18:14:34+00:00,odessapolice,Man Charged in Connection to Stabbing at 17th and Grant,
787,2016-04-28 15:56:54+00:00,odessapolice,Odessa Police Asking for Public’s Assistance with Auto Burglary Investigation,
788,2016-04-28 14:42:53+00:00,odessapolice,Information Release,
789,2016-04-28 13:17:12+00:00,odessapolice,Crime Prevention Tip,
790,2016-04-27 15:02:48+00:00,odessapolice,Odessa Police Asking for Public’s Help in Locating Stabbing Suspect,
791,2016-04-27 14:15:11+00:00,odessapolice,"Bustin For Badges is this Friday, April 29th at Windwalker Farms",
792,2016-04-26 21:00:09+00:00,odessapolice,4-26-16 Crime of the Week,
793,2016-04-26 19:20:10+00:00,odessapolice,DID YOU KNOW?,
794,2016-04-26 19:06:16+00:00,odessapolice,4-26-16 Fugitive of the Week Update,
795,2016-04-25 23:04:44+00:00,odessapolice,4-25-16 Fugitive of the Week,
796,2016-04-25 18:38:48+00:00,odessapolice,Police Athletic League of Odessa,
797,2016-04-25 16:47:45+00:00,odessapolice,Odessa Police Make Arrest in Connection to 6-Vehicle Crash in the 600 Block of West 11th Street,
798,2016-04-25 16:14:44+00:00,odessapolice,Odessa Police Make Arrest in Connection to Stabbing at Madison Square Apartments,
799,2016-04-25 14:43:40+00:00,odessapolice,675 Animals Attend Spring Vaccination Clinic at Odessa Animal Shelter,
800,2016-04-25 13:51:02+00:00,odessapolice,4-25-16 Odessa High 5,
801,2016-04-25 12:22:23+00:00,odessapolice,BEGIN YOUR CAREER WITH THE ODESSA POLICE DEPARTMENT!,
802,2016-04-22 21:12:35+00:00,odessapolice,Safe Zones for the Week of 4-25-16,
803,2016-04-22 20:22:19+00:00,odessapolice,4-22-16 OPD's Recent Felony Arrests,
804,2016-04-21 21:55:45+00:00,odessapolice,OPD Officer Recognized by Local Citizen for Buying Drinks for Kids,
805,2016-04-21 18:23:40+00:00,odessapolice,Crime Prevention Tip,
806,2016-04-21 15:21:48+00:00,odessapolice,Odessa Police Make Arrest in Connection to Sexual Assault Investigation,
807,2016-04-21 12:53:34+00:00,odessapolice,DID YOU KNOW?,
808,2016-04-20 19:28:57+00:00,odessapolice,NEIGHBORHOOD WATCH MEETING,
809,2016-04-20 17:23:03+00:00,odessapolice,4-20-16 Odessa High 5 Update,
810,2016-04-20 16:24:44+00:00,odessapolice,Gonzales Elementary Presents Odessa Animal Shelter with 400 Pounds of Dog & Cat Food,
811,2016-04-20 16:22:04+00:00,odessapolice,Odessa Police Investigating Several Recent Auto Burglaries & Stolen Vehicles,
812,2016-04-19 21:34:02+00:00,odessapolice,4-19-16 OPD's Recent Felony Arrests,
813,2016-04-19 14:12:35+00:00,odessapolice,Traffic Special Assignments,
814,2016-04-19 13:19:22+00:00,odessapolice,4-19-16 Crime of the Week,
815,2016-04-18 18:56:13+00:00,odessapolice,4-18-16 Fugitive of the Week Update,
816,2016-04-18 15:36:35+00:00,odessapolice,4-18-16 Fugitive of the Week,
817,2016-04-18 14:02:15+00:00,odessapolice,4-18-16 Odessa High 5,
818,2016-04-18 12:21:19+00:00,odessapolice,BEGIN YOUR CAREER WITH THE ODESSA POLICE DEPARTMENT!,
819,2016-04-15 20:05:08+00:00,odessapolice,Safe Zones for the Week of 4-18-16,
820,2016-04-15 15:51:18+00:00,odessapolice,Odessa Police Asking for Public’s Assistance in Identifying Sexual Assault Suspect,
821,2016-04-15 15:17:56+00:00,odessapolice,Crime Prevention,
822,2016-04-15 12:23:18+00:00,odessapolice,Crime Prevention Tip,
823,2016-04-14 20:36:13+00:00,odessapolice,APPLY NOW See Our Video:https://youtu.be/KIuf22flsUE,
824,2016-04-14 14:49:59+00:00,odessapolice,National Public Safety Telecommunicators Week Thank a Dispatcher!,
825,2016-04-13 20:42:56+00:00,odessapolice,Odessa Police Currently Investigating Two Sexual Assaults in Southeast Odessa,
826,2016-04-13 20:20:04+00:00,odessapolice,4-13-16 Crime of the Week Update,
827,2016-04-13 18:35:12+00:00,odessapolice,DID YOU KNOW?,
828,2016-04-13 15:59:00+00:00,odessapolice,Odessa Police Make Two Arrests in Connection to Sexual Assault Investigation,
829,2016-04-13 15:23:59+00:00,odessapolice,Odessa Police Recover Two Rings During Investigation,
830,2016-04-12 18:49:45+00:00,odessapolice,Odessa Police Make Arrest in Connection to Theft From a Human Corpse,
831,2016-04-12 14:06:43+00:00,odessapolice,4-12-16 Crime of the Week,
832,2016-04-11 23:31:45+00:00,odessapolice,Stolen Property Investigation,
833,2016-04-11 16:17:02+00:00,odessapolice,4-11-16 Odessa High 5,
834,2016-04-11 14:31:17+00:00,odessapolice,4-11-16 Fugitive of the Week,
835,2016-04-11 14:02:22+00:00,odessapolice,4-11-16 Odessa High 5,
836,2016-04-11 12:59:14+00:00,odessapolice,BEGIN YOUR CAREER WITH THE ODESSA POLICE DEPARTMENT!,
837,2016-04-08 15:20:55+00:00,odessapolice,Safe Zones for the Week of 4-11-16,
838,2016-04-07 15:40:05+00:00,odessapolice,Crime Prevention Tip,
839,2016-04-07 14:28:46+00:00,odessapolice,Odessa Police Asking for Public's Assistance in Locating Person of Interest,
840,2016-04-06 20:59:43+00:00,odessapolice,Information Release,
841,2016-04-06 16:03:11+00:00,odessapolice,DID YOU KNOW...The officer's right to disarm?,
842,2016-04-06 13:22:14+00:00,odessapolice,4-6-16 Crime of the Week,
843,2016-04-05 21:29:34+00:00,odessapolice,Names of Officers Involved in Shooting Released,
844,2016-04-05 18:23:04+00:00,odessapolice,Odessa Police Locate and Arrest Wanted Fugitive Jody Threadgill,
845,2016-04-05 14:05:35+00:00,odessapolice,Officer Matthew Marshall Named OPD Officer of the Month for April,
846,2016-04-04 14:44:03+00:00,odessapolice,4-4-16 Fugitive of the Week,
847,2016-04-04 14:31:12+00:00,odessapolice,4-4-16 Odessa High 5,
848,2016-04-04 12:49:54+00:00,odessapolice,BEGIN YOUR CAREER WITH THE ODESSA POLICE DEPARTMENT!,
849,2016-04-03 21:43:27+00:00,odessapolice,OPD appreciates the food from Aces Photography and Modeling.,
850,2016-04-03 21:30:57+00:00,odessapolice,Thank you to Aces Photography and Modeling for supporting the Odessa Police Department.,
851,2016-04-02 17:33:35+00:00,odessapolice,Chief Burton and District Attorney Bland with Executive Director Marisol Espinoza supporting Harmony Home!,
852,2016-04-02 16:10:36+00:00,odessapolice,Come Out & Support Harmony Home. Caring for our Children. 910 S Grant from 1100 am to 2 pm. Food and Fun!,
853,2016-04-02 05:22:46+00:00,odessapolice,Odessa Police Investigating Officer Involved Shooting at Quality Inn,
854,2016-04-01 21:04:58+00:00,odessapolice,Odessa Police Asking for Public's Help in Locating Aggravated Robbery Suspect,
855,2016-04-01 20:30:17+00:00,odessapolice,Safe Zones for the Week of 4-4-16,
856,2016-03-31 19:51:15+00:00,odessapolice,"Bustin For Badges Clay Shooting Event Set for Friday, April 29th at Windwalker Farms",
857,2016-03-31 18:20:24+00:00,odessapolice,CHAMPIONS 4 CHILDREN CONFERENCE,
858,2016-03-31 15:20:14+00:00,odessapolice,Odessa Police Make Two Arrests in Connection to Kidnapping at Odessa CPS Office,
859,2016-03-31 14:25:17+00:00,odessapolice,Crime Prevention Tip,
860,2016-03-31 12:07:08+00:00,odessapolice,CHILD ABUSE AWARENESS,
861,2016-03-30 23:41:44+00:00,odessapolice,Odessa Police Make Arrest in Connection to Kidnapping at CPS Office,
862,2016-03-30 22:06:25+00:00,odessapolice,"Did You Know - See the Lights, Pull to the Right !",
863,2016-03-30 21:48:14+00:00,odessapolice,Odessa Police Asking for Public’s Assistance with Aggravated Kidnapping,
864,2016-03-30 21:12:13+00:00,odessapolice,Information Release,
865,2016-03-29 15:00:48+00:00,odessapolice,3-29-16 Crime of the Week,
866,2016-03-28 19:50:18+00:00,odessapolice,3-28-16 OPD's Recent Felony Arrests,
867,2016-03-28 15:44:56+00:00,odessapolice,3-28-16 Fugitive of the Week,
868,2016-03-28 14:02:06+00:00,odessapolice,3-28-16 Odessa High 5,
869,2016-03-28 12:38:31+00:00,odessapolice,BEGIN YOUR CAREER WITH THE ODESSA POLICE DEPARTMENT!,
870,2016-03-25 15:01:43+00:00,odessapolice,Safe Zones for the Week of 3-28-16,
871,2016-03-24 18:24:33+00:00,odessapolice,Crime Prevention Tip,
872,2016-03-24 14:42:10+00:00,odessapolice,CHILD ABUSE AWARENESS,
873,2016-03-23 23:19:36+00:00,odessapolice,Arrest Made in Connection to Aggravated Assault in the 5300 Block of Ector,
874,2016-03-23 19:18:14+00:00,odessapolice,Chief Burton at press conference with #Safariland presenting new ballistic vest to Cpl. Cory Wester. A life saver.,#Safariland
875,2016-03-23 18:58:58+00:00,odessapolice,Violent Crime Task Force press conference.,
876,2016-03-23 18:44:37+00:00,odessapolice,CHILD ABUSE AWARENESS,
877,2016-03-23 16:01:12+00:00,odessapolice,3-23-16 OPD's Recent Felony Arrests,
878,2016-03-23 01:31:55+00:00,odessapolice,Odessa Police Asking for Public’s Help in Locating Aggravated Assault Suspect,
879,2016-03-22 17:27:57+00:00,odessapolice,3-22-16 Crime of the Week,
880,2016-03-21 13:36:57+00:00,odessapolice,3-21-16 Odessa High 5,
881,2016-03-21 13:24:06+00:00,odessapolice,3-21-16 Fugitive of the Week,
882,2016-03-21 12:53:30+00:00,odessapolice,BEGIN YOUR CAREER WITH THE ODESSA POLICE DEPARTMENT!,
883,2016-03-20 16:15:31+00:00,odessapolice,Fatality Crash in the 7600 Block of East IH-20,
884,2016-03-19 17:34:16+00:00,odessapolice,Dickie's Barbeque Supporting Law Enforcement. Come out and eat ,
885,2016-03-19 15:46:35+00:00,odessapolice,Come to Dickies BBQ Today from 11am-7pm to Help Support Local law Enforcement! Don't Forget to Bring a Jacket.,
886,2016-03-18 15:00:31+00:00,odessapolice,Safe Zones for the Week of 3-21-16,
887,2016-03-17 13:38:24+00:00,odessapolice,Crime Prevention Tip,
888,2016-03-16 14:15:56+00:00,odessapolice,Odessa Police Make Two Arrests in Connection to Shooting Near Odessa High School,
889,2016-03-15 20:06:34+00:00,odessapolice,"Help Support Area Law Enforcement by Having a Meal at Dickey's BBQ in Odessa this Saturday, March 19th from 11am-7pm",
890,2016-03-15 14:01:52+00:00,odessapolice,3-15-16 Crime of the Week,
891,2016-03-14 22:25:23+00:00,odessapolice,Officer Involved Shooting in the 1200 Block of Douglas,
892,2016-03-14 18:47:21+00:00,odessapolice,BEGIN YOUR CAREER WITH THE ODESSA POLICE DEPARTMENT!,
893,2016-03-14 14:55:03+00:00,odessapolice,3-14-16 Fugitive of the Week,
894,2016-03-14 14:41:57+00:00,odessapolice,Motorcycle Fatality at Eastridge and Rocky Lane,
895,2016-03-14 14:00:37+00:00,odessapolice,3-14-16 Odessa High 5,
896,2016-03-11 19:19:51+00:00,odessapolice,Crime Prevention,
897,2016-03-11 18:08:16+00:00,odessapolice,Underage Drinking Enforcement,
898,2016-03-11 16:02:49+00:00,odessapolice,Safe Zones for the Week of 3-14-16,
899,2016-03-11 14:21:42+00:00,odessapolice,DID YOU KNOW?,
900,2016-03-10 17:30:38+00:00,odessapolice,Odessa Christian Faith Youth Group Supporting Law Enforcement. THANK YOU from the Officers at OPD.,
901,2016-03-10 13:52:34+00:00,odessapolice,Crime Prevention Tip,
902,2016-03-08 15:31:28+00:00,odessapolice,Crime of the Week,
903,2016-03-08 15:16:21+00:00,odessapolice,3-8-16 Crime of the Week,
904,2016-03-07 15:39:29+00:00,odessapolice,BEGIN YOUR CAREER WITH THE ODESSA POLICE DEPARTMENT!,
905,2016-03-07 15:31:37+00:00,odessapolice,3-7-16 Odessa High 5,
906,2016-03-07 15:03:03+00:00,odessapolice,3-7-16 Fugitive of the Week,
907,2016-03-04 15:33:35+00:00,odessapolice,Safe Zones for the Week of 3-7-16,
908,2016-03-03 22:51:32+00:00,odessapolice,Odessa Police Asking for Public's Help with Mail Package Theft Investigation,
909,2016-03-03 14:04:56+00:00,odessapolice,Crime Prevention Tip,
910,2016-03-02 22:54:53+00:00,odessapolice,Odessa Police Department Hosting Joint News Conference,
911,2016-03-02 17:03:30+00:00,odessapolice,Odessa Police Make Arrest in Connection to Double Murder in the 5300 Block of Conley,
912,2016-03-02 14:29:08+00:00,odessapolice,Help the Odessa Police Department Support Harmony Home and our Children!,
913,2016-03-01 15:55:34+00:00,odessapolice,3-1-16 Crime of the Week,
914,2016-02-29 15:35:16+00:00,odessapolice,2-29-16 Odessa High 5,
915,2016-02-29 15:33:13+00:00,odessapolice,BEGIN YOUR CAREER WITH THE ODESSA POLICE DEPARTMENT!,
916,2016-02-29 15:30:34+00:00,odessapolice,Safe Zones for the Week of 2-29-16,
917,2016-02-29 15:00:36+00:00,odessapolice,2-29-16 Fugitive of the Week,
918,2016-02-27 00:39:58+00:00,odessapolice,One Man is Dead Following a Car Pedestrian Fatality in Northwest Odessa,
919,2016-02-26 19:40:54+00:00,odessapolice,W. County Rd between University & Kermit Hwy is now opened up for travel. Thank you for your cooperation.,
920,2016-02-26 18:14:00+00:00,odessapolice,Please avoid W. County Rd between University & Kermit Hwy due to a major crash that occurred. Thank you.,
921,2016-02-25 16:49:29+00:00,odessapolice,Crime Prevention Tip,
922,2016-02-25 13:54:40+00:00,odessapolice,DID YOU KNOW?,
923,2016-02-24 22:10:19+00:00,odessapolice,Odessa Police Make Six Arrests in Connection to 8-Liner Investigation,
924,2016-02-24 20:36:41+00:00,odessapolice,Odessa Police Identify Monday's Train Fatality Victim,
925,2016-02-24 20:19:34+00:00,odessapolice,2-24-16 Odessa High 5 Update,
926,2016-02-23 01:20:01+00:00,odessapolice,Odessa Police Investigating Train-Pedestrian Fatality,
927,2016-02-23 00:48:00+00:00,odessapolice,Update: Odessa Police located and arrested Rowland this morning for his warrant.,
928,2016-02-22 18:17:09+00:00,odessapolice,Odessa Police Investigating Several Robberies,
929,2016-02-22 15:31:50+00:00,odessapolice,2-22-16 Fugitive of the Week,
930,2016-02-22 15:03:28+00:00,odessapolice,2-22-16 Odessa High 5,
931,2016-02-22 14:41:27+00:00,odessapolice,BEGIN YOUR CAREER WITH THE ODESSA POLICE DEPARTMENT!,
932,2016-02-20 15:41:23+00:00,odessapolice,Come out and see Slapjack and McGruff. Eat Pancakes for $5. Get free tickets to a Jackalopes Hockey game.,
933,2016-02-20 14:24:48+00:00,odessapolice,Come support the Odessa Teddy Bear Patrol and PPOA. 8 to 11:30. Pancakes everywhere. $5 per person. American Legion,
934,2016-02-19 21:39:35+00:00,odessapolice,Safe Zones for the Week of 2-22-16,
935,2016-02-18 22:31:52+00:00,odessapolice,Odessa Police Warn Public About Credit Card / Debit Card Skimmer Found at Gas Station in South Odessa,
936,2016-02-18 19:28:42+00:00,odessapolice,DID YOU KNOW?,
937,2016-02-18 00:54:09+00:00,odessapolice,Odessa Police Make Arrest in Connection to Shooting in 4800 Block of Golder,
938,2016-02-17 23:04:51+00:00,odessapolice,Odessa Teddy Bear Patrol Pancake Breakfast Fund Raiser,
939,2016-02-17 22:24:18+00:00,odessapolice,Odessa Police Warn Public About Credit Card / Debit Card Skimmer Found at Gas Station,
940,2016-02-17 17:37:31+00:00,odessapolice,UPDATE: Odessa Police arrested Fabela on 2-16-16 at approximately 0805 hours for his four felony warrants.,
941,2016-02-17 14:46:14+00:00,odessapolice,Crime Prevention Tip,
942,2016-02-16 21:23:07+00:00,odessapolice,2-16-16 Crime of the Week,
943,2016-02-16 19:36:14+00:00,odessapolice,Odessa Police Asking for Public’s Help with Shooting Investigation,
944,2016-02-16 16:20:22+00:00,odessapolice,2-16-16 Odessa High 5,
945,2016-02-16 14:19:57+00:00,odessapolice,BEGIN YOUR CAREER WITH THE ODESSA POLICE DEPARTMENT!,
946,2016-02-15 18:26:46+00:00,odessapolice,Odessa Police Investigating Overnight Train Fatality,
947,2016-02-15 15:03:04+00:00,odessapolice,2-15-16 Fugitive of the Week,
948,2016-02-12 19:27:51+00:00,odessapolice,Neighborhood Watch,
949,2016-02-12 16:30:21+00:00,odessapolice,Safe Zones for the Week of 2-15-16,
950,2016-02-12 15:45:24+00:00,odessapolice,2-12-16 OPD's Recent Felony Arrests,
951,2016-02-11 21:55:28+00:00,odessapolice,Odessa Police Asking for Public's Help in Identifying Theft Suspect,
952,2016-02-11 14:27:12+00:00,odessapolice,Crime Prevention Tip,
953,2016-02-10 22:37:09+00:00,odessapolice,Odessa Police Warn Public About Credit Card / Debit Card Skimmers,
954,2016-02-10 20:44:44+00:00,odessapolice,Odessa Police Charge 6th Person in Connection to Stolen Vehicle / Burglary Investigation,
955,2016-02-10 14:41:32+00:00,odessapolice,Crime Prevention Tip,
956,2016-02-09 22:51:04+00:00,odessapolice,2-9-16 Odessa High 5 Update,
957,2016-02-09 19:45:14+00:00,odessapolice,Odessa Police Department Asking for Public's Assistance with Variety Theft Investigation,
958,2016-02-09 17:01:18+00:00,odessapolice,2-9-16 Crime of the Week,
959,2016-02-09 14:24:47+00:00,odessapolice,2-9-16 Fugitive of the Week,
960,2016-02-08 23:20:28+00:00,odessapolice,Odessa Police Make Arrest in Connection to Animal Cruelty Investigation,
961,2016-02-08 15:14:43+00:00,odessapolice,BEGIN YOUR CAREER WITH THE ODESSA POLICE DEPARTMENT!,
962,2016-02-08 15:00:32+00:00,odessapolice,2-8-16 Odessa High 5,
963,2016-02-08 14:23:05+00:00,odessapolice,2-8-16 Safe Zones,
964,2016-02-05 20:02:26+00:00,odessapolice,"OPD Detectives Seize $172,000 & 99 Pounds of Synthetic Marijuana during Narcotics Investigation",
965,2016-02-04 19:50:33+00:00,odessapolice,Arrest Made in Connection to Injury to Child & Endangering a Child Investigation,
966,2016-02-04 18:16:59+00:00,odessapolice,Odessa Police Make Third Arrest in Connection to Stolen Vehicle / Burglary Investigation,
967,2016-02-04 14:57:45+00:00,odessapolice,Second Arrest Made in Connection to Stolen Vehicle / Burglary Investigation,
968,2016-02-04 14:38:50+00:00,odessapolice,Crime Prevention Tip,
969,2016-02-03 22:24:28+00:00,odessapolice,Second Arrest Made in Connection to Stolen Vehicle / Burglary Investigation,
970,2016-02-03 21:15:53+00:00,odessapolice,2-3-16 Crime of the Week,
971,2016-02-03 16:28:37+00:00,odessapolice,Arrest Made in Connection to Stolen Vehicle / Burglary Investigation,
972,2016-02-03 13:51:54+00:00,odessapolice,DID YOU KNOW?,
973,2016-02-02 18:43:10+00:00,odessapolice,Odessa Police Make Arrest in Connection to Indecency with a Child near Dowling Elementary School,
974,2016-02-02 14:26:26+00:00,odessapolice,2-1-16 Odessa High 5 Updated,
975,2016-02-01 17:00:48+00:00,odessapolice,2-1-16 Odessa High 5,
976,2016-02-01 13:35:31+00:00,odessapolice,BEGIN YOUR CAREER WITH THE ODESSA POLICE DEPARTMENT!,
977,2016-01-30 00:45:00+00:00,odessapolice,We would like to thank everyone for your cooperation. All east bound traffic on E. Hwy 191 has been opened up.,
978,2016-01-30 00:07:27+00:00,odessapolice,All east bound traffic on E. Hwy 191 from Faudree to FM 1788 is closed due to a crash investigation. Please avoid this area.,
979,2016-01-29 21:39:40+00:00,odessapolice,Safe Zones for the Week of 2-1-16,
980,2016-01-29 20:41:18+00:00,odessapolice,1-29-16 OPD's Recent Felony Arrests,
981,2016-01-29 15:47:02+00:00,odessapolice,Odessa Police Make Arrest in Connection to Indecent Exposure on 9th Street,
982,2016-01-28 20:23:57+00:00,odessapolice,1-28-16 OPD's Recent Felony Arrests,
983,2016-01-28 14:11:20+00:00,odessapolice,Crime Prevention Tip,
984,2016-01-27 20:00:30+00:00,odessapolice,1-27-16 OPD's Recent Felony Arrests,
985,2016-01-27 14:53:01+00:00,odessapolice,DID YOU KNOW?,
986,2016-01-26 21:48:40+00:00,odessapolice,Odessa Police Make Arrest in Connection to N-N-Out Robbery,
987,2016-01-26 20:35:09+00:00,odessapolice,Two Odessa Police Officers Being Honored at City Council Meeting,
988,2016-01-26 18:57:11+00:00,odessapolice,1-26-16 Odessa High 5 Update,
989,2016-01-25 22:49:03+00:00,odessapolice,Odessa Police Asking for Public's Help with Identifying Burglary Suspect,
990,2016-01-25 17:04:45+00:00,odessapolice,Odessa Police Asking for Public's Help in Locating Wanted Fugitive,
991,2016-01-25 15:15:14+00:00,odessapolice,1-25-16 Fugitive of the Week,
992,2016-01-25 15:03:15+00:00,odessapolice,1-25-16 Odessa High 5,
993,2016-01-25 14:31:11+00:00,odessapolice,BEGIN YOUR CAREER WITH THE ODESSA POLICE DEPARTMENT!,
994,2016-01-22 20:43:44+00:00,odessapolice,1-22-16 OPD's Recent Felony Arrests,
995,2016-01-22 18:08:57+00:00,odessapolice,"Thanks Again to HEB. Nancy Wells, Shane Unate and Robert Martinez provided Tru Texas Bar-B-Que to Officers today.",
996,2016-01-22 15:30:21+00:00,odessapolice,Safe Zones for the Week of 1-25-16,
997,2016-01-21 15:46:43+00:00,odessapolice,DID YOU KNOW?,
998,2016-01-21 14:00:45+00:00,odessapolice,Crime Prevention Tip,
999,2016-01-19 22:00:22+00:00,odessapolice,1-19-16 Fugitive of the Week,
1000,2016-01-19 21:54:36+00:00,odessapolice,1-19-16 Odessa High 5 Update,
1001,2016-01-19 16:51:45+00:00,odessapolice,BEGIN YOUR CAREER WITH THE ODESSA POLICE DEPARTMENT!,
1002,2016-01-19 15:15:15+00:00,odessapolice,1-19-16 Crime of the Week,
1003,2016-01-15 21:12:36+00:00,odessapolice,OPD Asking for Public's help with Stolen Vehicle and Kidnapping Investigation,
1004,2016-01-15 21:09:27+00:00,odessapolice,Odessa PPOA Fundraiser for Wounded Officers,
1005,2016-01-14 22:44:11+00:00,odessapolice,Citizen’s Arrest Conducted on Odessa Man during Residential Burglary,
1006,2016-01-14 17:17:58+00:00,odessapolice,UPDATE: Missing Person Rene Lara Has Been Located,
1007,2016-01-14 16:53:32+00:00,odessapolice,OPD Asking for Public’s help in Locating Missing Person with Short Term Memory Loss,
1008,2016-01-14 14:16:21+00:00,odessapolice,Crime Prevention Tip,
1009,2016-01-13 23:16:39+00:00,odessapolice,Thank you from OPD !,
1010,2016-01-13 22:39:16+00:00,odessapolice,Odessa Police Asking for Public's Assistance with Burglary and Forgery Investigation,
1011,2016-01-13 17:16:09+00:00,odessapolice,Train Fatality Update,
1012,2016-01-13 14:43:11+00:00,odessapolice,DID YOU KNOW?,
1013,2016-01-12 22:59:14+00:00,odessapolice,1-12-16 Odessa High 5 Update,
1014,2016-01-12 20:42:44+00:00,odessapolice,Odessa Police Make Three Arrests in Connection to Rusty Spur Gun Shop Burglary,
1015,2016-01-12 16:50:14+00:00,odessapolice,Odessa Police Make Arrest in Connection to Burglary in 1700 Block of Golder,
1016,2016-01-11 16:10:08+00:00,odessapolice,,
1017,2016-01-11 16:07:59+00:00,odessapolice,BEGIN YOUR CAREER WITH THE ODESSA POLICE DEPARTMENT,
1018,2016-01-11 15:50:08+00:00,odessapolice,1-11-16 Fugitive of the Week,
1019,2016-01-08 19:46:32+00:00,odessapolice,Odessa Professional Police Officer's Association Hosting Luncheon to Benefit Wounded Officers,
1020,2016-01-08 19:25:08+00:00,odessapolice,Safe Zones for Week of 1-11-16,
1021,2016-01-07 16:02:02+00:00,odessapolice,DID YOU KNOW?,
1022,2016-01-07 14:07:21+00:00,odessapolice,Crime Prevention Tip,
1023,2016-01-06 15:13:40+00:00,odessapolice,1-5-16 Crime of the Week,
1024,2016-01-04 22:53:39+00:00,odessapolice,Begin Your Career Now with with the Odessa Police Department.,
1025,2016-01-04 22:15:11+00:00,odessapolice,1-4-16 Fugitive of the Week,
1026,2016-01-04 15:00:38+00:00,odessapolice,1-4-16 Odessa High 5,
1027,2016-01-01 15:01:06+00:00,odessapolice,Safe Zones for the Week of 1-4-16,
